id,disease,complaint
1,COVID-19,"Hocam, dünden beri koku alamıyorum ve baş ağrısı eşlik ediyor."
2,COVID-19,"Doktor bey, iki gündür koku alamıyorum ve çok halsizim."
3,COVID-19,"Doktor bey, son birkaç gündür çok halsizim ve vücut ağrısı hissediyorum."
4,COVID-19,"Hocam, iki gündür merdiven çıkınca nefes nefese kalıyorum ve ateşim var."
5,COVID-19,"Hocam, sabahtan beri koku alamıyorum, sulu dışkılama oldu ve enerjim yok."
6,COVID-19,"Hocam, son birkaç gündür kas ve eklem ağrılarım var ve sulu dışkılama oldu."
7,COVID-19,"Doktor hanım, son birkaç gündür kas ve eklem ağrılarım var ve sulu dışkılama oldu."
8,COVID-19,"Doktor hanım, bir haftadır balgamsız öksürüyorum ve burun akıntım var."
9,COVID-19,"Doktor hanım, dünden beri burun tıkanıklığım var, tat duyum kayboldu ve burnum tıkalı."
10,COVID-19,"Doktor hanım, üç gündür enerjim yok, yutkunurken boğazım acıyor ve tat duyum kayboldu."
11,COVID-19,"Hocam, dünden beri tat ve koku alamıyorum ve vücut ağrısı hissediyorum."
12,COVID-19,"Doktor hanım, iki gündür tat duyum kayboldu, vücut ağrısı hissediyorum ve tat duyum kayboldu."
13,COVID-19,"Hocam, sabahtan beri ateşim çıkıyor ve kas ve eklem ağrılarım var."
14,COVID-19,"Doktor hanım, bir haftadır burun tıkanıklığım var ve vücut ağrısı hissediyorum."
15,COVID-19,"Doktor hanım, sabahtan beri enerjim yok, bulantım var ve merdiven çıkınca nefes nefese kalıyorum."
16,COVID-19,"Doktor bey, bir haftadır tat duyum kayboldu ve koku alamıyorum."
17,COVID-19,"Hocam, sabahtan beri tat duyum kayboldu, sulu dışkılama oldu ve yorgunluk hissediyorum."
18,COVID-19,"Hocam, sabahtan beri nefes darlığım var, nefes darlığım var ve tat ve koku alamıyorum."
19,COVID-19,"Hocam, iki gündür balgamsız öksürüyorum, ateşim var ve tat ve koku alamıyorum."
20,COVID-19,"Doktor bey, iki gündür tat duyum kayboldu ve kas ve eklem ağrılarım var."
21,COVID-19,"Doktor hanım, bir haftadır balgamsız öksürüyorum, geceleri artan öksürüğüm var ve kuru öksürüğüm var."
22,COVID-19,"Doktor bey, dünden beri vücut ağrısı hissediyorum, koku alamıyorum ve çok halsizim."
23,COVID-19,"Doktor hanım, sabahtan beri çok halsizim ve balgamsız öksürüyorum."
24,COVID-19,"Hocam, dünden beri ishalim var ve çok halsizim."
25,COVID-19,"Doktor hanım, üç gündür ateşim çıkıyor ve sulu dışkılama oldu."
26,COVID-19,"Doktor hanım, bir haftadır başım ağrıyor, tat duyum kayboldu ve geceleri artan öksürüğüm var."
27,COVID-19,"Hocam, iki gündür nefes darlığım var, ateşim var ve balgamsız öksürüyorum."
28,COVID-19,"Doktor hanım, bir haftadır bulantım var ve balgamsız öksürüyorum."
29,COVID-19,"Hocam, sabahtan beri ateşim var ve boğazımda yanma var."
30,COVID-19,"Doktor hanım, iki gündür geceleri artan öksürüğüm var ve boğazımda yanma var."
31,COVID-19,"Doktor hanım, üç gündür geceleri artan öksürüğüm var ve ateşim çıkıyor."
32,COVID-19,"Hocam, bir haftadır yüksek ateşim oluyor ve merdiven çıkınca nefes nefese kalıyorum."
33,COVID-19,"Doktor bey, dünden beri boğazım ağrıyor, yutkunurken boğazım acıyor ve ateşim 38 derece civarında."
34,COVID-19,"Doktor hanım, sabahtan beri balgamsız öksürüyorum ve yüksek ateşim oluyor."
35,COVID-19,"Hocam, iki gündür kas ve eklem ağrılarım var ve tat ve koku alamıyorum."
36,COVID-19,"Doktor bey, sabahtan beri kuru öksürüğüm var ve ara sıra kusuyorum."
37,COVID-19,"Doktor hanım, dünden beri baş ağrısı eşlik ediyor, çok halsizim ve enerjim yok."
38,COVID-19,"Doktor bey, iki gündür tat duyum kayboldu ve kas ve eklem ağrılarım var."
39,COVID-19,"Hocam, sabahtan beri boğazım ağrıyor ve baş ağrısı eşlik ediyor."
40,COVID-19,"Doktor bey, bir haftadır kas ve eklem ağrılarım var, enerjim yok ve koku alamıyorum."
41,COVID-19,"Hocam, iki gündür tat duyum kayboldu ve ara sıra kusuyorum."
42,COVID-19,"Hocam, iki gündür ateşim var ve merdiven çıkınca nefes nefese kalıyorum."
43,COVID-19,"Hocam, dünden beri balgamsız öksürüyorum ve burun akıntım var."
44,COVID-19,"Doktor bey, sabahtan beri nefes darlığım var ve balgamsız öksürüyorum."
45,COVID-19,"Hocam, son birkaç gündür tat duyum kayboldu ve kas ve eklem ağrılarım var."
46,COVID-19,"Doktor bey, dünden beri yüksek ateşim oluyor ve yüksek ateşim oluyor."
47,COVID-19,"Hocam, bir haftadır yorgunluk hissediyorum ve ateşim çıkıyor."
48,COVID-19,"Doktor bey, üç gündür baş ağrısı eşlik ediyor ve vücut ağrısı hissediyorum."
49,COVID-19,"Hocam, son birkaç gündür balgamsız öksürüyorum, kuru öksürüğüm var ve yorgunluk hissediyorum."
50,COVID-19,"Hocam, bir haftadır merdiven çıkınca nefes nefese kalıyorum, ishalim var ve yorgunluk hissediyorum."
51,COVID-19,"Doktor hanım, iki gündür boğazımda yanma var, geceleri artan öksürüğüm var ve enerjim yok."
52,COVID-19,"Doktor bey, sabahtan beri balgamsız öksürüyorum ve başım ağrıyor."
53,COVID-19,"Doktor bey, dünden beri kas ve eklem ağrılarım var ve yüksek ateşim oluyor."
54,COVID-19,"Hocam, sabahtan beri boğazımda yanma var ve balgamsız öksürüyorum."
55,COVID-19,"Doktor hanım, sabahtan beri balgamsız öksürüyorum, vücut ağrısı hissediyorum ve burun akıntım var."
56,COVID-19,"Doktor hanım, son birkaç gündür geceleri artan öksürüğüm var, boğazım ağrıyor ve yüksek ateşim oluyor."
57,COVID-19,"Doktor hanım, üç gündür başım ağrıyor, vücut ağrısı hissediyorum ve merdiven çıkınca nefes nefese kalıyorum."
58,COVID-19,"Doktor hanım, dünden beri vücut ağrısı hissediyorum ve nefes darlığım var."
59,COVID-19,"Hocam, dünden beri tat ve koku alamıyorum ve tat duyum kayboldu."
60,COVID-19,"Doktor hanım, iki gündür geceleri artan öksürüğüm var ve tat duyum kayboldu."
61,COVID-19,"Doktor bey, bir haftadır nefes darlığım var ve koku alamıyorum."
62,COVID-19,"Doktor bey, iki gündür koku alamıyorum ve kuru öksürüğüm var."
63,COVID-19,"Doktor hanım, son birkaç gündür tat ve koku alamıyorum ve tat duyum kayboldu."
64,COVID-19,"Doktor bey, sabahtan beri kuru öksürüğüm var, geceleri artan öksürüğüm var ve merdiven çıkınca nefes nefese kalıyorum."
65,COVID-19,"Doktor hanım, son birkaç gündür bulantım var, bulantım var ve kuru öksürüğüm var."
66,COVID-19,"Doktor bey, son birkaç gündür kuru öksürüğüm var ve vücut ağrısı hissediyorum."
67,COVID-19,"Hocam, iki gündür baş ağrısı eşlik ediyor ve enerjim yok."
68,COVID-19,"Doktor hanım, son birkaç gündür sulu dışkılama oldu, tat duyum kayboldu ve kuru öksürüğüm var."
69,COVID-19,"Doktor bey, sabahtan beri tat ve koku alamıyorum ve yorgunluk hissediyorum."
70,COVID-19,"Doktor bey, son birkaç gündür tat ve koku alamıyorum ve burun akıntım var."
71,COVID-19,"Doktor bey, üç gündür kuru öksürüğüm var ve bulantım var."
72,COVID-19,"Doktor bey, dünden beri sulu dışkılama oldu ve bulantım var."
73,COVID-19,"Doktor bey, sabahtan beri nefes darlığım var ve koku alamıyorum."
74,COVID-19,"Doktor hanım, iki gündür çok halsizim, ateşim çıkıyor ve geceleri artan öksürüğüm var."
75,COVID-19,"Doktor hanım, üç gündür koku alamıyorum ve tat ve koku alamıyorum."
76,COVID-19,"Doktor bey, bir haftadır geceleri artan öksürüğüm var ve kuru öksürüğüm var."
77,COVID-19,"Doktor bey, iki gündür kas ve eklem ağrılarım var, baş ağrısı eşlik ediyor ve yorgunluk hissediyorum."
78,COVID-19,"Hocam, iki gündür tat duyum kayboldu ve çok halsizim."
79,COVID-19,"Doktor hanım, bir haftadır kas ve eklem ağrılarım var, koku alamıyorum ve sulu dışkılama oldu."
80,COVID-19,"Hocam, iki gündür tat ve koku alamıyorum ve yorgunluk hissediyorum."
81,COVID-19,"Doktor hanım, son birkaç gündür vücut ağrısı hissediyorum ve yorgunluk hissediyorum."
82,COVID-19,"Doktor hanım, sabahtan beri koku alamıyorum, nefes darlığım var ve yorgunluk hissediyorum."
83,COVID-19,"Doktor hanım, bir haftadır yutkunurken boğazım acıyor, baş ağrısı eşlik ediyor ve tat ve koku alamıyorum."
84,COVID-19,"Doktor bey, sabahtan beri balgamsız öksürüyorum, nefes darlığım var ve tat ve koku alamıyorum."
85,COVID-19,"Doktor hanım, üç gündür burun tıkanıklığım var ve yorgunluk hissediyorum."
86,COVID-19,"Doktor bey, üç gündür burun tıkanıklığım var, geceleri artan öksürüğüm var ve ateşim çıkıyor."
87,COVID-19,"Doktor hanım, dünden beri baş ağrısı eşlik ediyor ve merdiven çıkınca nefes nefese kalıyorum."
88,COVID-19,"Doktor hanım, iki gündür tat duyum kayboldu, kuru öksürüğüm var ve baş ağrısı eşlik ediyor."
89,COVID-19,"Doktor bey, iki gündür tat duyum kayboldu ve kas ve eklem ağrılarım var."
90,COVID-19,"Doktor bey, son birkaç gündür çok halsizim, geceleri artan öksürüğüm var ve kas ve eklem ağrılarım var."
91,COVID-19,"Hocam, iki gündür kuru öksürüğüm var, balgamsız öksürüyorum ve tat duyum kayboldu."
92,COVID-19,"Doktor hanım, son birkaç gündür başım ağrıyor, koku alamıyorum ve yorgunluk hissediyorum."
93,COVID-19,"Doktor bey, üç gündür burun akıntım var, tat duyum kayboldu ve enerjim yok."
94,COVID-19,"Hocam, bir haftadır baş ağrısı eşlik ediyor ve boğazımda yanma var."
95,COVID-19,"Hocam, bir haftadır vücut ağrısı hissediyorum, baş ağrısı eşlik ediyor ve ateşim çıkıyor."
96,COVID-19,"Doktor hanım, bir haftadır ateşim çıkıyor ve kas ve eklem ağrılarım var."
97,COVID-19,"Doktor bey, bir haftadır koku alamıyorum ve ateşim çıkıyor."
98,COVID-19,"Hocam, iki gündür geceleri artan öksürüğüm var ve vücut ağrısı hissediyorum."
99,COVID-19,"Hocam, iki gündür çok halsizim ve koku alamıyorum."
100,COVID-19,"Doktor hanım, bir haftadır ateşim çıkıyor, vücut ağrısı hissediyorum ve merdiven çıkınca nefes nefese kalıyorum."
101,COVID-19,"Hocam, dünden beri nefes darlığım var ve balgamsız öksürüyorum."
102,COVID-19,"Doktor bey, dünden beri çok halsizim ve kuru öksürüğüm var."
103,COVID-19,"Hocam, iki gündür tat duyum kayboldu, balgamsız öksürüyorum ve kas ve eklem ağrılarım var."
104,COVID-19,"Doktor bey, sabahtan beri ateşim çıkıyor ve yüksek ateşim oluyor."
105,COVID-19,"Hocam, dünden beri bulantım var ve çok halsizim."
106,COVID-19,"Doktor bey, üç gündür boğazımda yanma var ve tat duyum kayboldu."
107,COVID-19,"Doktor hanım, iki gündür koku alamıyorum ve başım ağrıyor."
108,COVID-19,"Hocam, iki gündür başım ağrıyor, ateşim çıkıyor ve kuru öksürüğüm var."
109,COVID-19,"Doktor bey, bir haftadır nefes darlığım var ve vücut ağrısı hissediyorum."
110,COVID-19,"Doktor bey, dünden beri kuru öksürüğüm var, kuru öksürüğüm var ve nefes darlığım var."
111,COVID-19,"Doktor hanım, sabahtan beri merdiven çıkınca nefes nefese kalıyorum, merdiven çıkınca nefes nefese kalıyorum ve burun tıkanıklığım var."
112,COVID-19,"Doktor bey, üç gündür ara sıra kusuyorum ve ateşim var."
113,COVID-19,"Hocam, son birkaç gündür balgamsız öksürüyorum ve bulantım var."
114,COVID-19,"Doktor bey, iki gündür ara sıra kusuyorum ve koku alamıyorum."
115,COVID-19,"Doktor hanım, dünden beri koku alamıyorum ve yorgunluk hissediyorum."
116,COVID-19,"Hocam, bir haftadır vücut ağrısı hissediyorum ve balgamsız öksürüyorum."
117,COVID-19,"Doktor hanım, üç gündür yutkunurken boğazım acıyor ve yüksek ateşim oluyor."
118,COVID-19,"Doktor bey, üç gündür baş ağrısı eşlik ediyor ve başım ağrıyor."
119,COVID-19,"Hocam, üç gündür tat duyum kayboldu, enerjim yok ve yorgunluk hissediyorum."
120,COVID-19,"Hocam, üç gündür başım ağrıyor, tat duyum kayboldu ve tat ve koku alamıyorum."
121,COVID-19,"Hocam, sabahtan beri yorgunluk hissediyorum ve yorgunluk hissediyorum."
122,COVID-19,"Doktor bey, bir haftadır yüksek ateşim oluyor ve baş ağrısı eşlik ediyor."
123,COVID-19,"Doktor hanım, iki gündür geceleri artan öksürüğüm var ve kas ve eklem ağrılarım var."
124,COVID-19,"Doktor bey, bir haftadır yorgunluk hissediyorum ve kas ve eklem ağrılarım var."
125,COVID-19,"Hocam, sabahtan beri tat ve koku alamıyorum ve yorgunluk hissediyorum."
126,COVID-19,"Doktor hanım, sabahtan beri yüksek ateşim oluyor ve koku alamıyorum."
127,COVID-19,"Doktor bey, sabahtan beri yorgunluk hissediyorum, burnum sürekli akıyor ve baş ağrısı eşlik ediyor."
128,COVID-19,"Doktor hanım, üç gündür koku alamıyorum ve balgamsız öksürüyorum."
129,COVID-19,"Doktor hanım, iki gündür ateşim var, ateşim var ve vücut ağrısı hissediyorum."
130,COVID-19,"Hocam, üç gündür geceleri artan öksürüğüm var ve nefes darlığım var."
131,COVID-19,"Doktor bey, üç gündür baş ağrısı eşlik ediyor, tat duyum kayboldu ve enerjim yok."
132,COVID-19,"Doktor bey, son birkaç gündür nefes darlığım var ve yutkunurken boğazım acıyor."
133,COVID-19,"Doktor bey, dünden beri tat duyum kayboldu ve ishalim var."
134,COVID-19,"Doktor bey, iki gündür ateşim çıkıyor ve tat ve koku alamıyorum."
135,COVID-19,"Doktor bey, dünden beri merdiven çıkınca nefes nefese kalıyorum ve koku alamıyorum."
136,COVID-19,"Hocam, sabahtan beri geceleri artan öksürüğüm var ve geceleri artan öksürüğüm var."
137,COVID-19,"Doktor hanım, sabahtan beri baş ağrısı eşlik ediyor ve tat ve koku alamıyorum."
138,COVID-19,"Doktor bey, bir haftadır geceleri artan öksürüğüm var, yorgunluk hissediyorum ve sulu dışkılama oldu."
139,COVID-19,"Doktor bey, son birkaç gündür tat ve koku alamıyorum ve nefes darlığım var."
140,COVID-19,"Doktor bey, dünden beri burun akıntım var ve vücut ağrısı hissediyorum."
141,COVID-19,"Hocam, iki gündür ishalim var ve boğazım ağrıyor."
142,COVID-19,"Doktor hanım, dünden beri balgamsız öksürüyorum ve geceleri artan öksürüğüm var."
143,COVID-19,"Hocam, dünden beri yorgunluk hissediyorum ve baş ağrısı eşlik ediyor."
144,COVID-19,"Hocam, sabahtan beri yüksek ateşim oluyor ve balgamsız öksürüyorum."
145,COVID-19,"Doktor bey, son birkaç gündür sulu dışkılama oldu ve enerjim yok."
146,COVID-19,"Doktor hanım, dünden beri yorgunluk hissediyorum ve kas ve eklem ağrılarım var."
147,COVID-19,"Hocam, üç gündür kas ve eklem ağrılarım var ve ateşim 38 derece civarında."
148,COVID-19,"Doktor hanım, üç gündür ateşim var, balgamsız öksürüyorum ve tat ve koku alamıyorum."
149,COVID-19,"Doktor hanım, dünden beri ateşim var ve nefes darlığım var."
150,COVID-19,"Doktor hanım, son birkaç gündür ateşim var ve merdiven çıkınca nefes nefese kalıyorum."
151,COVID-19,"Doktor hanım, iki gündür burun akıntım var ve merdiven çıkınca nefes nefese kalıyorum."
152,COVID-19,"Doktor hanım, dünden beri merdiven çıkınca nefes nefese kalıyorum ve ateşim var."
153,COVID-19,"Doktor hanım, dünden beri merdiven çıkınca nefes nefese kalıyorum ve koku alamıyorum."
154,COVID-19,"Doktor hanım, bir haftadır ateşim 38 derece civarında ve nefes darlığım var."
155,COVID-19,"Doktor hanım, sabahtan beri vücut ağrısı hissediyorum ve sulu dışkılama oldu."
156,COVID-19,"Hocam, son birkaç gündür baş ağrısı eşlik ediyor ve nefes darlığım var."
157,COVID-19,"Doktor bey, iki gündür çok halsizim, boğazımda yanma var ve vücut ağrısı hissediyorum."
158,COVID-19,"Hocam, üç gündür koku alamıyorum ve balgamsız öksürüyorum."
159,COVID-19,"Doktor hanım, sabahtan beri geceleri artan öksürüğüm var ve koku alamıyorum."
160,COVID-19,"Hocam, dünden beri yüksek ateşim oluyor, yorgunluk hissediyorum ve balgamsız öksürüyorum."
161,COVID-19,"Hocam, son birkaç gündür nefes darlığım var ve geceleri artan öksürüğüm var."
162,COVID-19,"Doktor hanım, üç gündür merdiven çıkınca nefes nefese kalıyorum, tat ve koku alamıyorum ve ateşim 38 derece civarında."
163,COVID-19,"Hocam, son birkaç gündür nefes darlığım var ve koku alamıyorum."
164,COVID-19,"Doktor hanım, üç gündür geceleri artan öksürüğüm var ve nefes darlığım var."
165,COVID-19,"Hocam, iki gündür yüksek ateşim oluyor, tat duyum kayboldu ve tat duyum kayboldu."
166,COVID-19,"Doktor hanım, son birkaç gündür başım ağrıyor ve balgamsız öksürüyorum."
167,COVID-19,"Hocam, bir haftadır balgamsız öksürüyorum ve kas ve eklem ağrılarım var."
168,COVID-19,"Doktor hanım, iki gündür ateşim 38 derece civarında ve geceleri artan öksürüğüm var."
169,COVID-19,"Doktor bey, üç gündür ateşim var ve vücut ağrısı hissediyorum."
170,COVID-19,"Doktor bey, bir haftadır koku alamıyorum ve çok halsizim."
171,COVID-19,"Hocam, bir haftadır merdiven çıkınca nefes nefese kalıyorum, kuru öksürüğüm var ve merdiven çıkınca nefes nefese kalıyorum."
172,COVID-19,"Doktor hanım, sabahtan beri vücut ağrısı hissediyorum, ateşim çıkıyor ve bulantım var."
173,COVID-19,"Doktor hanım, bir haftadır vücut ağrısı hissediyorum, tat duyum kayboldu ve çok halsizim."
174,COVID-19,"Doktor bey, sabahtan beri ateşim 38 derece civarında, nefes darlığım var ve ateşim çıkıyor."
175,COVID-19,"Doktor bey, üç gündür geceleri artan öksürüğüm var ve balgamsız öksürüyorum."
176,COVID-19,"Doktor hanım, sabahtan beri kas ve eklem ağrılarım var ve vücut ağrısı hissediyorum."
177,COVID-19,"Hocam, iki gündür tat duyum kayboldu, tat ve koku alamıyorum ve nefes darlığım var."
178,COVID-19,"Hocam, üç gündür yüksek ateşim oluyor, yutkunurken boğazım acıyor ve balgamsız öksürüyorum."
179,COVID-19,"Doktor bey, son birkaç gündür başım ağrıyor ve yorgunluk hissediyorum."
180,COVID-19,"Doktor hanım, sabahtan beri başım ağrıyor, nefes darlığım var ve ateşim çıkıyor."
181,COVID-19,"Doktor bey, bir haftadır tat ve koku alamıyorum ve vücut ağrısı hissediyorum."
182,COVID-19,"Hocam, son birkaç gündür çok halsizim ve tat duyum kayboldu."
183,COVID-19,"Doktor hanım, son birkaç gündür nefes darlığım var, baş ağrısı eşlik ediyor ve baş ağrısı eşlik ediyor."
184,COVID-19,"Hocam, sabahtan beri başım ağrıyor ve başım ağrıyor."
185,COVID-19,"Doktor bey, son birkaç gündür boğazım ağrıyor ve yüksek ateşim oluyor."
186,COVID-19,"Doktor bey, dünden beri kuru öksürüğüm var ve merdiven çıkınca nefes nefese kalıyorum."
187,COVID-19,"Doktor hanım, sabahtan beri balgamsız öksürüyorum ve başım ağrıyor."
188,COVID-19,"Doktor bey, son birkaç gündür ateşim 38 derece civarında, enerjim yok ve ateşim çıkıyor."
189,COVID-19,"Doktor hanım, üç gündür burun tıkanıklığım var ve ateşim çıkıyor."
190,COVID-19,"Doktor hanım, üç gündür vücut ağrısı hissediyorum ve yüksek ateşim oluyor."
191,COVID-19,"Doktor bey, dünden beri tat ve koku alamıyorum, tat ve koku alamıyorum ve koku alamıyorum."
192,COVID-19,"Hocam, iki gündür tat duyum kayboldu ve koku alamıyorum."
193,COVID-19,"Hocam, dünden beri enerjim yok ve başım ağrıyor."
194,COVID-19,"Hocam, sabahtan beri merdiven çıkınca nefes nefese kalıyorum ve başım ağrıyor."
195,COVID-19,"Doktor hanım, son birkaç gündür sulu dışkılama oldu ve ateşim 38 derece civarında."
196,COVID-19,"Hocam, son birkaç gündür burun akıntım var ve tat duyum kayboldu."
197,COVID-19,"Hocam, üç gündür enerjim yok ve geceleri artan öksürüğüm var."
198,COVID-19,"Hocam, sabahtan beri merdiven çıkınca nefes nefese kalıyorum ve koku alamıyorum."
199,COVID-19,"Doktor bey, dünden beri geceleri artan öksürüğüm var, koku alamıyorum ve nefes darlığım var."
200,COVID-19,"Doktor hanım, dünden beri koku alamıyorum ve ateşim var."
201,Grip,"Doktor bey, dünden beri bulantım var ve kuru öksürüğüm var."
202,Grip,"Doktor hanım, son birkaç gündür başım ağrıyor ve yüksek ateşim oluyor."
203,Grip,"Doktor hanım, dünden beri ishalim var ve baş ağrısı eşlik ediyor."
204,Grip,"Doktor hanım, bir haftadır kas ve eklem ağrılarım var ve balgamsız öksürüyorum."
205,Grip,"Hocam, bir haftadır baş ağrısı eşlik ediyor ve vücut ağrısı hissediyorum."
206,Grip,"Hocam, üç gündür geceleri artan öksürüğüm var ve yorgunluk hissediyorum."
207,Grip,"Doktor hanım, sabahtan beri burun akıntım var ve geceleri artan öksürüğüm var."
208,Grip,"Doktor hanım, dünden beri kas ve eklem ağrılarım var ve başım ağrıyor."
209,Grip,"Doktor hanım, iki gündür başım ağrıyor ve ateşim 38 derece civarında."
210,Grip,"Doktor hanım, üç gündür başım ağrıyor ve enerjim yok."
211,Grip,"Hocam, son birkaç gündür vücut ağrısı hissediyorum, ateşim 38 derece civarında ve balgamsız öksürüyorum."
212,Grip,"Hocam, bir haftadır ishalim var, yorgunluk hissediyorum ve boğazımda yanma var."
213,Grip,"Doktor hanım, dünden beri vücut ağrısı hissediyorum ve ateşim 38 derece civarında."
214,Grip,"Doktor hanım, bir haftadır geceleri artan öksürüğüm var ve başım ağrıyor."
215,Grip,"Hocam, son birkaç gündür balgamsız öksürüyorum ve ateşim 38 derece civarında."
216,Grip,"Hocam, sabahtan beri ateşim 38 derece civarında ve enerjim yok."
217,Grip,"Doktor hanım, sabahtan beri çok halsizim, burnum tıkalı ve ishalim var."
218,Grip,"Doktor hanım, dünden beri başım ağrıyor ve baş ağrısı eşlik ediyor."
219,Grip,"Doktor hanım, dünden beri kas ve eklem ağrılarım var, balgamsız öksürüyorum ve vücut ağrısı hissediyorum."
220,Grip,"Doktor hanım, iki gündür kuru öksürüğüm var ve ateşim 38 derece civarında."
221,Grip,"Hocam, iki gündür baş ağrısı eşlik ediyor ve vücut ağrısı hissediyorum."
222,Grip,"Hocam, üç gündür baş ağrısı eşlik ediyor ve ateşim çıkıyor."
223,Grip,"Doktor bey, son birkaç gündür vücut ağrısı hissediyorum, boğazım ağrıyor ve çok halsizim."
224,Grip,"Doktor hanım, üç gündür ishalim var, baş ağrısı eşlik ediyor ve ateşim var."
225,Grip,"Doktor hanım, sabahtan beri yutkunurken boğazım acıyor ve burun akıntım var."
226,Grip,"Doktor bey, sabahtan beri sulu dışkılama oldu ve boğazım ağrıyor."
227,Grip,"Hocam, dünden beri vücut ağrısı hissediyorum, çok halsizim ve burnum tıkalı."
228,Grip,"Doktor hanım, sabahtan beri kas ve eklem ağrılarım var ve enerjim yok."
229,Grip,"Doktor bey, sabahtan beri yüksek ateşim oluyor ve vücut ağrısı hissediyorum."
230,Grip,"Doktor bey, bir haftadır kas ve eklem ağrılarım var ve ateşim var."
231,Grip,"Doktor bey, son birkaç gündür baş ağrısı eşlik ediyor ve ateşim var."
232,Grip,"Hocam, üç gündür boğazımda yanma var ve enerjim yok."
233,Grip,"Doktor hanım, iki gündür enerjim yok ve ateşim 38 derece civarında."
234,Grip,"Doktor bey, sabahtan beri yorgunluk hissediyorum ve vücut ağrısı hissediyorum."
235,Grip,"Doktor bey, sabahtan beri ateşim 38 derece civarında ve yüksek ateşim oluyor."
236,Grip,"Doktor bey, dünden beri kas ve eklem ağrılarım var ve kas ve eklem ağrılarım var."
237,Grip,"Hocam, iki gündür yüksek ateşim oluyor ve kas ve eklem ağrılarım var."
238,Grip,"Doktor hanım, iki gündür baş ağrısı eşlik ediyor ve ateşim 38 derece civarında."
239,Grip,"Doktor bey, son birkaç gündür çok halsizim, burun akıntım var ve yutkunurken boğazım acıyor."
240,Grip,"Hocam, son birkaç gündür ateşim 38 derece civarında ve enerjim yok."
241,Grip,"Hocam, sabahtan beri başım ağrıyor, kas ve eklem ağrılarım var ve kas ve eklem ağrılarım var."
242,Grip,"Hocam, iki gündür ara sıra kusuyorum ve vücut ağrısı hissediyorum."
243,Grip,"Doktor hanım, iki gündür ara sıra kusuyorum ve çok halsizim."
244,Grip,"Hocam, üç gündür sulu dışkılama oldu ve ateşim var."
245,Grip,"Doktor bey, bir haftadır kas ve eklem ağrılarım var ve ateşim 38 derece civarında."
246,Grip,"Hocam, üç gündür vücut ağrısı hissediyorum ve enerjim yok."
247,Grip,"Hocam, dünden beri ateşim çıkıyor, baş ağrısı eşlik ediyor ve balgamsız öksürüyorum."
248,Grip,"Doktor bey, iki gündür burnum sürekli akıyor ve vücut ağrısı hissediyorum."
249,Grip,"Doktor hanım, dünden beri enerjim yok, baş ağrısı eşlik ediyor ve baş ağrısı eşlik ediyor."
250,Grip,"Doktor hanım, dünden beri boğazımda yanma var ve baş ağrısı eşlik ediyor."
251,Grip,"Doktor bey, üç gündür kas ve eklem ağrılarım var, balgamsız öksürüyorum ve ateşim çıkıyor."
252,Grip,"Doktor bey, iki gündür enerjim yok, başım ağrıyor ve burnum sürekli akıyor."
253,Grip,"Doktor bey, dünden beri yüksek ateşim oluyor, boğazımda yanma var ve burun tıkanıklığım var."
254,Grip,"Doktor hanım, iki gündür çok halsizim ve çok halsizim."
255,Grip,"Doktor hanım, bir haftadır ateşim var ve ishalim var."
256,Grip,"Doktor hanım, sabahtan beri kas ve eklem ağrılarım var ve geceleri artan öksürüğüm var."
257,Grip,"Hocam, dünden beri enerjim yok, balgamsız öksürüyorum ve çok halsizim."
258,Grip,"Doktor hanım, dünden beri kas ve eklem ağrılarım var ve kas ve eklem ağrılarım var."
259,Grip,"Hocam, son birkaç gündür balgamsız öksürüyorum ve yüksek ateşim oluyor."
260,Grip,"Doktor bey, sabahtan beri başım ağrıyor, çok halsizim ve yüksek ateşim oluyor."
261,Grip,"Doktor hanım, son birkaç gündür yutkunurken boğazım acıyor ve kas ve eklem ağrılarım var."
262,Grip,"Doktor bey, iki gündür baş ağrısı eşlik ediyor ve kas ve eklem ağrılarım var."
263,Grip,"Hocam, iki gündür vücut ağrısı hissediyorum, vücut ağrısı hissediyorum ve yutkunurken boğazım acıyor."
264,Grip,"Doktor bey, iki gündür kas ve eklem ağrılarım var ve kas ve eklem ağrılarım var."
265,Grip,"Hocam, iki gündür balgamsız öksürüyorum ve kas ve eklem ağrılarım var."
266,Grip,"Hocam, sabahtan beri ateşim var ve enerjim yok."
267,Grip,"Doktor hanım, bir haftadır enerjim yok ve geceleri artan öksürüğüm var."
268,Grip,"Doktor hanım, son birkaç gündür ateşim var ve çok halsizim."
269,Grip,"Doktor hanım, üç gündür ateşim var ve çok halsizim."
270,Grip,"Hocam, bir haftadır kas ve eklem ağrılarım var, baş ağrısı eşlik ediyor ve kuru öksürüğüm var."
271,Grip,"Doktor bey, iki gündür ateşim var, boğazımda yanma var ve yüksek ateşim oluyor."
272,Grip,"Hocam, iki gündür ateşim 38 derece civarında, kuru öksürüğüm var ve kuru öksürüğüm var."
273,Grip,"Doktor hanım, dünden beri başım ağrıyor, yüksek ateşim oluyor ve baş ağrısı eşlik ediyor."
274,Grip,"Doktor bey, bir haftadır başım ağrıyor ve baş ağrısı eşlik ediyor."
275,Grip,"Hocam, dünden beri baş ağrısı eşlik ediyor ve burnum tıkalı."
276,Grip,"Doktor hanım, son birkaç gündür yutkunurken boğazım acıyor ve kas ve eklem ağrılarım var."
277,Grip,"Doktor hanım, bir haftadır balgamsız öksürüyorum ve baş ağrısı eşlik ediyor."
278,Grip,"Doktor bey, bir haftadır baş ağrısı eşlik ediyor ve yorgunluk hissediyorum."
279,Grip,"Doktor bey, üç gündür burnum sürekli akıyor ve kas ve eklem ağrılarım var."
280,Grip,"Doktor bey, son birkaç gündür kas ve eklem ağrılarım var ve boğazım ağrıyor."
281,Grip,"Doktor hanım, bir haftadır yüksek ateşim oluyor, ateşim 38 derece civarında ve baş ağrısı eşlik ediyor."
282,Grip,"Hocam, sabahtan beri kuru öksürüğüm var ve yorgunluk hissediyorum."
283,Grip,"Hocam, son birkaç gündür burun tıkanıklığım var ve burnum tıkalı."
284,Grip,"Doktor hanım, bir haftadır çok halsizim ve ateşim 38 derece civarında."
285,Grip,"Hocam, üç gündür ara sıra kusuyorum, vücut ağrısı hissediyorum ve boğazımda yanma var."
286,Grip,"Hocam, bir haftadır ateşim 38 derece civarında ve kuru öksürüğüm var."
287,Grip,"Doktor bey, son birkaç gündür kas ve eklem ağrılarım var ve kuru öksürüğüm var."
288,Grip,"Hocam, üç gündür yüksek ateşim oluyor, yüksek ateşim oluyor ve ateşim 38 derece civarında."
289,Grip,"Doktor bey, sabahtan beri enerjim yok ve vücut ağrısı hissediyorum."
290,Grip,"Hocam, üç gündür yorgunluk hissediyorum, kas ve eklem ağrılarım var ve yorgunluk hissediyorum."
291,Grip,"Doktor bey, üç gündür ateşim 38 derece civarında ve balgamsız öksürüyorum."
292,Grip,"Hocam, dünden beri başım ağrıyor ve ateşim 38 derece civarında."
293,Grip,"Doktor bey, sabahtan beri kas ve eklem ağrılarım var, kas ve eklem ağrılarım var ve yüksek ateşim oluyor."
294,Grip,"Doktor bey, üç gündür burnum tıkalı ve boğazımda yanma var."
295,Grip,"Doktor bey, sabahtan beri yüksek ateşim oluyor ve enerjim yok."
296,Grip,"Hocam, son birkaç gündür kas ve eklem ağrılarım var ve yorgunluk hissediyorum."
297,Grip,"Doktor bey, bir haftadır yutkunurken boğazım acıyor, ateşim 38 derece civarında ve yüksek ateşim oluyor."
298,Grip,"Hocam, son birkaç gündür burun akıntım var ve yorgunluk hissediyorum."
299,Grip,"Doktor bey, son birkaç gündür ateşim 38 derece civarında ve yorgunluk hissediyorum."
300,Grip,"Doktor bey, iki gündür kas ve eklem ağrılarım var, vücut ağrısı hissediyorum ve kas ve eklem ağrılarım var."
301,Grip,"Doktor bey, dünden beri enerjim yok ve başım ağrıyor."
302,Grip,"Doktor hanım, son birkaç gündür boğazım ağrıyor ve bulantım var."
303,Grip,"Doktor hanım, bir haftadır ateşim çıkıyor ve ateşim çıkıyor."
304,Grip,"Hocam, sabahtan beri başım ağrıyor, vücut ağrısı hissediyorum ve vücut ağrısı hissediyorum."
305,Grip,"Doktor hanım, son birkaç gündür yorgunluk hissediyorum, yutkunurken boğazım acıyor ve çok halsizim."
306,Grip,"Hocam, dünden beri vücut ağrısı hissediyorum, boğazım ağrıyor ve çok halsizim."
307,Grip,"Doktor bey, iki gündür burun akıntım var ve vücut ağrısı hissediyorum."
308,Grip,"Doktor bey, dünden beri geceleri artan öksürüğüm var, boğazım ağrıyor ve ateşim 38 derece civarında."
309,Grip,"Hocam, üç gündür çok halsizim ve yüksek ateşim oluyor."
310,Grip,"Doktor hanım, sabahtan beri vücut ağrısı hissediyorum, yorgunluk hissediyorum ve vücut ağrısı hissediyorum."
311,Grip,"Doktor bey, son birkaç gündür yüksek ateşim oluyor ve kas ve eklem ağrılarım var."
312,Grip,"Doktor bey, dünden beri baş ağrısı eşlik ediyor ve başım ağrıyor."
313,Grip,"Doktor bey, üç gündür vücut ağrısı hissediyorum, baş ağrısı eşlik ediyor ve vücut ağrısı hissediyorum."
314,Grip,"Doktor bey, dünden beri ateşim çıkıyor ve ateşim 38 derece civarında."
315,Grip,"Doktor hanım, üç gündür enerjim yok ve kas ve eklem ağrılarım var."
316,Grip,"Hocam, iki gündür çok halsizim, enerjim yok ve burnum tıkalı."
317,Grip,"Doktor bey, bir haftadır ateşim 38 derece civarında, vücut ağrısı hissediyorum ve ara sıra kusuyorum."
318,Grip,"Doktor hanım, iki gündür ateşim çıkıyor, ateşim çıkıyor ve yorgunluk hissediyorum."
319,Grip,"Doktor bey, sabahtan beri enerjim yok ve boğazımda yanma var."
320,Grip,"Hocam, üç gündür çok halsizim ve enerjim yok."
321,Grip,"Doktor hanım, iki gündür burun tıkanıklığım var ve kas ve eklem ağrılarım var."
322,Grip,"Doktor bey, dünden beri yüksek ateşim oluyor ve yüksek ateşim oluyor."
323,Grip,"Doktor hanım, sabahtan beri yorgunluk hissediyorum ve baş ağrısı eşlik ediyor."
324,Grip,"Doktor bey, üç gündür çok halsizim ve başım ağrıyor."
325,Grip,"Doktor bey, dünden beri ateşim var ve yüksek ateşim oluyor."
326,Grip,"Doktor bey, son birkaç gündür vücut ağrısı hissediyorum, vücut ağrısı hissediyorum ve baş ağrısı eşlik ediyor."
327,Grip,"Doktor hanım, üç gündür başım ağrıyor ve burun tıkanıklığım var."
328,Grip,"Hocam, bir haftadır burun akıntım var, yüksek ateşim oluyor ve yorgunluk hissediyorum."
329,Grip,"Hocam, bir haftadır enerjim yok ve vücut ağrısı hissediyorum."
330,Grip,"Hocam, dünden beri yorgunluk hissediyorum ve ishalim var."
331,Grip,"Doktor hanım, bir haftadır burun tıkanıklığım var, burun akıntım var ve kas ve eklem ağrılarım var."
332,Grip,"Hocam, bir haftadır kuru öksürüğüm var ve yutkunurken boğazım acıyor."
333,Grip,"Doktor bey, üç gündür başım ağrıyor ve burun akıntım var."
334,Grip,"Hocam, üç gündür enerjim yok ve vücut ağrısı hissediyorum."
335,Grip,"Doktor bey, sabahtan beri ateşim 38 derece civarında ve kas ve eklem ağrılarım var."
336,Grip,"Doktor bey, üç gündür yüksek ateşim oluyor, ateşim 38 derece civarında ve çok halsizim."
337,Grip,"Doktor hanım, iki gündür balgamsız öksürüyorum ve kas ve eklem ağrılarım var."
338,Grip,"Doktor bey, son birkaç gündür kas ve eklem ağrılarım var ve kas ve eklem ağrılarım var."
339,Grip,"Doktor bey, iki gündür kuru öksürüğüm var ve baş ağrısı eşlik ediyor."
340,Grip,"Doktor hanım, bir haftadır enerjim yok, kuru öksürüğüm var ve geceleri artan öksürüğüm var."
341,Grip,"Hocam, dünden beri kuru öksürüğüm var ve kas ve eklem ağrılarım var."
342,Grip,"Hocam, dünden beri ateşim çıkıyor ve baş ağrısı eşlik ediyor."
343,Grip,"Doktor bey, bir haftadır vücut ağrısı hissediyorum ve burnum sürekli akıyor."
344,Grip,"Doktor hanım, dünden beri burun tıkanıklığım var, kuru öksürüğüm var ve ateşim 38 derece civarında."
345,Grip,"Hocam, sabahtan beri başım ağrıyor ve çok halsizim."
346,Grip,"Hocam, üç gündür yüksek ateşim oluyor ve yutkunurken boğazım acıyor."
347,Grip,"Hocam, sabahtan beri baş ağrısı eşlik ediyor, enerjim yok ve enerjim yok."
348,Grip,"Doktor bey, iki gündür yüksek ateşim oluyor ve burun tıkanıklığım var."
349,Grip,"Doktor bey, üç gündür kas ve eklem ağrılarım var ve ateşim var."
350,Grip,"Hocam, sabahtan beri kuru öksürüğüm var ve yorgunluk hissediyorum."
351,Grip,"Doktor hanım, son birkaç gündür ateşim var ve kas ve eklem ağrılarım var."
352,Grip,"Doktor bey, son birkaç gündür burnum sürekli akıyor, kas ve eklem ağrılarım var ve vücut ağrısı hissediyorum."
353,Grip,"Hocam, iki gündür enerjim yok ve yüksek ateşim oluyor."
354,Grip,"Hocam, sabahtan beri ateşim var ve burun tıkanıklığım var."
355,Grip,"Doktor hanım, iki gündür burnum tıkalı ve balgamsız öksürüyorum."
356,Grip,"Doktor bey, sabahtan beri enerjim yok, geceleri artan öksürüğüm var ve kas ve eklem ağrılarım var."
357,Grip,"Doktor bey, sabahtan beri yorgunluk hissediyorum ve balgamsız öksürüyorum."
358,Grip,"Doktor bey, bir haftadır geceleri artan öksürüğüm var ve ateşim çıkıyor."
359,Grip,"Doktor hanım, sabahtan beri vücut ağrısı hissediyorum, enerjim yok ve ara sıra kusuyorum."
360,Grip,"Doktor bey, iki gündür çok halsizim, başım ağrıyor ve kuru öksürüğüm var."
361,Grip,"Hocam, iki gündür geceleri artan öksürüğüm var ve yutkunurken boğazım acıyor."
362,Grip,"Doktor hanım, bir haftadır sulu dışkılama oldu, sulu dışkılama oldu ve boğazımda yanma var."
363,Grip,"Doktor bey, bir haftadır çok halsizim, baş ağrısı eşlik ediyor ve ateşim var."
364,Grip,"Hocam, iki gündür kas ve eklem ağrılarım var ve baş ağrısı eşlik ediyor."
365,Grip,"Doktor hanım, dünden beri enerjim yok, vücut ağrısı hissediyorum ve başım ağrıyor."
366,Grip,"Hocam, iki gündür çok halsizim, boğazım ağrıyor ve ateşim var."
367,Grip,"Hocam, sabahtan beri kas ve eklem ağrılarım var, başım ağrıyor ve kuru öksürüğüm var."
368,Grip,"Doktor hanım, üç gündür burnum tıkalı ve yutkunurken boğazım acıyor."
369,Grip,"Hocam, dünden beri vücut ağrısı hissediyorum ve kuru öksürüğüm var."
370,Grip,"Doktor hanım, iki gündür bulantım var, boğazım ağrıyor ve çok halsizim."
371,Grip,"Doktor hanım, üç gündür sulu dışkılama oldu, baş ağrısı eşlik ediyor ve burnum sürekli akıyor."
372,Grip,"Hocam, dünden beri başım ağrıyor ve balgamsız öksürüyorum."
373,Grip,"Doktor hanım, sabahtan beri başım ağrıyor ve geceleri artan öksürüğüm var."
374,Grip,"Doktor bey, bir haftadır ateşim var ve baş ağrısı eşlik ediyor."
375,Grip,"Hocam, dünden beri kuru öksürüğüm var, ara sıra kusuyorum ve geceleri artan öksürüğüm var."
376,Grip,"Doktor hanım, iki gündür kas ve eklem ağrılarım var ve ateşim çıkıyor."
377,Grip,"Hocam, üç gündür baş ağrısı eşlik ediyor ve çok halsizim."
378,Grip,"Doktor bey, sabahtan beri vücut ağrısı hissediyorum ve ateşim çıkıyor."
379,Grip,"Doktor bey, üç gündür yutkunurken boğazım acıyor ve ateşim 38 derece civarında."
380,Grip,"Hocam, sabahtan beri geceleri artan öksürüğüm var ve kas ve eklem ağrılarım var."
381,Grip,"Doktor bey, üç gündür enerjim yok ve çok halsizim."
382,Grip,"Doktor bey, bir haftadır başım ağrıyor, başım ağrıyor ve burnum sürekli akıyor."
383,Grip,"Hocam, dünden beri balgamsız öksürüyorum ve baş ağrısı eşlik ediyor."
384,Grip,"Doktor hanım, iki gündür baş ağrısı eşlik ediyor, baş ağrısı eşlik ediyor ve kas ve eklem ağrılarım var."
385,Grip,"Doktor hanım, iki gündür başım ağrıyor ve çok halsizim."
386,Grip,"Hocam, iki gündür yüksek ateşim oluyor ve kas ve eklem ağrılarım var."
387,Grip,"Doktor bey, sabahtan beri kas ve eklem ağrılarım var ve enerjim yok."
388,Grip,"Doktor bey, sabahtan beri boğazım ağrıyor ve boğazımda yanma var."
389,Grip,"Doktor hanım, üç gündür çok halsizim ve geceleri artan öksürüğüm var."
390,Grip,"Doktor bey, sabahtan beri burnum sürekli akıyor ve geceleri artan öksürüğüm var."
391,Grip,"Hocam, üç gündür kas ve eklem ağrılarım var ve kuru öksürüğüm var."
392,Grip,"Doktor hanım, iki gündür kuru öksürüğüm var ve geceleri artan öksürüğüm var."
393,Grip,"Doktor bey, üç gündür çok halsizim ve başım ağrıyor."
394,Grip,"Doktor hanım, son birkaç gündür baş ağrısı eşlik ediyor ve başım ağrıyor."
395,Grip,"Hocam, iki gündür vücut ağrısı hissediyorum ve baş ağrısı eşlik ediyor."
396,Grip,"Hocam, sabahtan beri baş ağrısı eşlik ediyor ve ateşim çıkıyor."
397,Grip,"Hocam, bir haftadır çok halsizim ve kas ve eklem ağrılarım var."
398,Grip,"Doktor bey, bir haftadır vücut ağrısı hissediyorum ve balgamsız öksürüyorum."
399,Grip,"Hocam, iki gündür ateşim çıkıyor ve boğazım ağrıyor."
400,Grip,"Hocam, üç gündür çok halsizim ve geceleri artan öksürüğüm var."
401,Soğuk algınlığı,"Doktor hanım, iki gündür burun akıntım var ve baş ağrısı eşlik ediyor."
402,Soğuk algınlığı,"Hocam, iki gündür burun tıkanıklığım var, sık sık hapşırıyorum ve kuru öksürüğüm var."
403,Soğuk algınlığı,"Doktor bey, iki gündür burnum tıkalı ve sık sık hapşırıyorum."
404,Soğuk algınlığı,"Hocam, üç gündür burnum tıkalı, burnum tıkalı ve peş peşe hapşuruyorum."
405,Soğuk algınlığı,"Doktor hanım, iki gündür sık sık hapşırıyorum ve burun akıntım var."
406,Soğuk algınlığı,"Doktor hanım, sabahtan beri burun akıntım var ve burnum tıkalı."
407,Soğuk algınlığı,"Hocam, üç gündür kuru öksürüğüm var ve geceleri artan öksürüğüm var."
408,Soğuk algınlığı,"Doktor bey, son birkaç gündür burun tıkanıklığım var, burun tıkanıklığım var ve burun tıkanıklığım var."
409,Soğuk algınlığı,"Hocam, sabahtan beri çok halsizim ve baş ağrısı eşlik ediyor."
410,Soğuk algınlığı,"Hocam, son birkaç gündür boğazım ağrıyor, balgamsız öksürüyorum ve burun tıkanıklığım var."
411,Soğuk algınlığı,"Doktor hanım, sabahtan beri kuru öksürüğüm var ve burun akıntım var."
412,Soğuk algınlığı,"Doktor hanım, iki gündür sık sık hapşırıyorum ve burnum sürekli akıyor."
413,Soğuk algınlığı,"Doktor bey, sabahtan beri burnum tıkalı, burnum tıkalı ve burnum sürekli akıyor."
414,Soğuk algınlığı,"Doktor bey, sabahtan beri balgamsız öksürüyorum ve peş peşe hapşuruyorum."
415,Soğuk algınlığı,"Doktor hanım, sabahtan beri burun tıkanıklığım var ve sık sık hapşırıyorum."
416,Soğuk algınlığı,"Doktor bey, iki gündür geceleri artan öksürüğüm var, burnum sürekli akıyor ve burun tıkanıklığım var."
417,Soğuk algınlığı,"Doktor hanım, iki gündür yutkunurken boğazım acıyor, başım ağrıyor ve burnum tıkalı."
418,Soğuk algınlığı,"Hocam, sabahtan beri geceleri artan öksürüğüm var ve peş peşe hapşuruyorum."
419,Soğuk algınlığı,"Doktor bey, son birkaç gündür peş peşe hapşuruyorum ve burun tıkanıklığım var."
420,Soğuk algınlığı,"Doktor bey, iki gündür burun akıntım var ve peş peşe hapşuruyorum."
421,Soğuk algınlığı,"Hocam, üç gündür burun akıntım var, yutkunurken boğazım acıyor ve boğazımda yanma var."
422,Soğuk algınlığı,"Doktor bey, son birkaç gündür burnum tıkalı ve boğazımda yanma var."
423,Soğuk algınlığı,"Hocam, bir haftadır kuru öksürüğüm var, burun akıntım var ve sık sık hapşırıyorum."
424,Soğuk algınlığı,"Hocam, dünden beri burnum tıkalı ve burnum sürekli akıyor."
425,Soğuk algınlığı,"Doktor hanım, iki gündür burnum tıkalı ve enerjim yok."
426,Soğuk algınlığı,"Hocam, iki gündür sık sık hapşırıyorum ve burun akıntım var."
427,Soğuk algınlığı,"Hocam, dünden beri burnum sürekli akıyor ve burun tıkanıklığım var."
428,Soğuk algınlığı,"Hocam, iki gündür geceleri artan öksürüğüm var ve burnum tıkalı."
429,Soğuk algınlığı,"Doktor bey, sabahtan beri balgamsız öksürüyorum, burnum tıkalı ve burnum tıkalı."
430,Soğuk algınlığı,"Doktor bey, üç gündür burnum sürekli akıyor ve kuru öksürüğüm var."
431,Soğuk algınlığı,"Doktor hanım, dünden beri sık sık hapşırıyorum, peş peşe hapşuruyorum ve peş peşe hapşuruyorum."
432,Soğuk algınlığı,"Doktor hanım, dünden beri yorgunluk hissediyorum ve baş ağrısı eşlik ediyor."
433,Soğuk algınlığı,"Hocam, son birkaç gündür burun tıkanıklığım var ve peş peşe hapşuruyorum."
434,Soğuk algınlığı,"Doktor hanım, bir haftadır burun tıkanıklığım var ve balgamsız öksürüyorum."
435,Soğuk algınlığı,"Hocam, iki gündür burun akıntım var ve kuru öksürüğüm var."
436,Soğuk algınlığı,"Hocam, iki gündür burnum sürekli akıyor ve burnum sürekli akıyor."
437,Soğuk algınlığı,"Doktor hanım, dünden beri burun akıntım var ve peş peşe hapşuruyorum."
438,Soğuk algınlığı,"Doktor bey, iki gündür burnum tıkalı ve burnum tıkalı."
439,Soğuk algınlığı,"Doktor bey, son birkaç gündür balgamsız öksürüyorum ve peş peşe hapşuruyorum."
440,Soğuk algınlığı,"Doktor bey, iki gündür boğazım ağrıyor, peş peşe hapşuruyorum ve burnum sürekli akıyor."
441,Soğuk algınlığı,"Doktor hanım, üç gündür sık sık hapşırıyorum, çok halsizim ve sık sık hapşırıyorum."
442,Soğuk algınlığı,"Doktor bey, üç gündür başım ağrıyor ve burun tıkanıklığım var."
443,Soğuk algınlığı,"Doktor bey, üç gündür burun akıntım var, burun tıkanıklığım var ve sık sık hapşırıyorum."
444,Soğuk algınlığı,"Doktor hanım, bir haftadır burnum sürekli akıyor ve burnum tıkalı."
445,Soğuk algınlığı,"Doktor hanım, son birkaç gündür başım ağrıyor ve burun akıntım var."
446,Soğuk algınlığı,"Hocam, bir haftadır başım ağrıyor ve burun akıntım var."
447,Soğuk algınlığı,"Doktor hanım, son birkaç gündür boğazımda yanma var ve burnum tıkalı."
448,Soğuk algınlığı,"Hocam, iki gündür peş peşe hapşuruyorum ve balgamsız öksürüyorum."
449,Soğuk algınlığı,"Doktor bey, bir haftadır boğazımda yanma var, burnum sürekli akıyor ve sık sık hapşırıyorum."
450,Soğuk algınlığı,"Hocam, sabahtan beri balgamsız öksürüyorum, baş ağrısı eşlik ediyor ve boğazımda yanma var."
451,Soğuk algınlığı,"Doktor hanım, iki gündür baş ağrısı eşlik ediyor ve boğazımda yanma var."
452,Soğuk algınlığı,"Doktor bey, son birkaç gündür geceleri artan öksürüğüm var, sık sık hapşırıyorum ve yutkunurken boğazım acıyor."
453,Soğuk algınlığı,"Doktor hanım, sabahtan beri kuru öksürüğüm var ve çok halsizim."
454,Soğuk algınlığı,"Hocam, bir haftadır yutkunurken boğazım acıyor ve burun tıkanıklığım var."
455,Soğuk algınlığı,"Doktor bey, sabahtan beri boğazımda yanma var, burnum tıkalı ve boğazımda yanma var."
456,Soğuk algınlığı,"Doktor bey, üç gündür burnum tıkalı, boğazımda yanma var ve geceleri artan öksürüğüm var."
457,Soğuk algınlığı,"Doktor hanım, sabahtan beri burun akıntım var ve burun tıkanıklığım var."
458,Soğuk algınlığı,"Doktor bey, dünden beri burnum tıkalı, burun tıkanıklığım var ve boğazımda yanma var."
459,Soğuk algınlığı,"Hocam, dünden beri burun akıntım var ve enerjim yok."
460,Soğuk algınlığı,"Hocam, iki gündür sık sık hapşırıyorum ve kuru öksürüğüm var."
461,Soğuk algınlığı,"Doktor bey, dünden beri boğazım ağrıyor ve sık sık hapşırıyorum."
462,Soğuk algınlığı,"Hocam, sabahtan beri balgamsız öksürüyorum ve burun akıntım var."
463,Soğuk algınlığı,"Doktor hanım, sabahtan beri peş peşe hapşuruyorum, enerjim yok ve baş ağrısı eşlik ediyor."
464,Soğuk algınlığı,"Hocam, dünden beri burun akıntım var, sık sık hapşırıyorum ve burnum sürekli akıyor."
465,Soğuk algınlığı,"Doktor bey, sabahtan beri burnum sürekli akıyor ve boğazımda yanma var."
466,Soğuk algınlığı,"Doktor bey, son birkaç gündür başım ağrıyor, geceleri artan öksürüğüm var ve sık sık hapşırıyorum."
467,Soğuk algınlığı,"Doktor bey, iki gündür kuru öksürüğüm var, peş peşe hapşuruyorum ve geceleri artan öksürüğüm var."
468,Soğuk algınlığı,"Doktor bey, üç gündür kuru öksürüğüm var ve burnum sürekli akıyor."
469,Soğuk algınlığı,"Hocam, son birkaç gündür başım ağrıyor ve burun akıntım var."
470,Soğuk algınlığı,"Doktor hanım, dünden beri burnum tıkalı ve burnum sürekli akıyor."
471,Soğuk algınlığı,"Hocam, üç gündür burnum tıkalı ve sık sık hapşırıyorum."
472,Soğuk algınlığı,"Doktor bey, iki gündür burnum tıkalı, burun tıkanıklığım var ve balgamsız öksürüyorum."
473,Soğuk algınlığı,"Hocam, son birkaç gündür balgamsız öksürüyorum, burnum tıkalı ve burun akıntım var."
474,Soğuk algınlığı,"Hocam, bir haftadır kuru öksürüğüm var ve boğazım ağrıyor."
475,Soğuk algınlığı,"Doktor hanım, üç gündür geceleri artan öksürüğüm var ve burnum tıkalı."
476,Soğuk algınlığı,"Hocam, üç gündür burun akıntım var ve baş ağrısı eşlik ediyor."
477,Soğuk algınlığı,"Doktor hanım, bir haftadır burnum sürekli akıyor, boğazımda yanma var ve burnum tıkalı."
478,Soğuk algınlığı,"Doktor hanım, bir haftadır burnum sürekli akıyor ve burnum sürekli akıyor."
479,Soğuk algınlığı,"Doktor hanım, bir haftadır geceleri artan öksürüğüm var, burnum tıkalı ve peş peşe hapşuruyorum."
480,Soğuk algınlığı,"Doktor hanım, dünden beri peş peşe hapşuruyorum ve başım ağrıyor."
481,Soğuk algınlığı,"Doktor hanım, iki gündür boğazım ağrıyor ve boğazımda yanma var."
482,Soğuk algınlığı,"Doktor bey, dünden beri peş peşe hapşuruyorum ve burnum tıkalı."
483,Soğuk algınlığı,"Doktor bey, dünden beri burun akıntım var, burnum tıkalı ve boğazımda yanma var."
484,Soğuk algınlığı,"Doktor hanım, dünden beri burun tıkanıklığım var ve geceleri artan öksürüğüm var."
485,Soğuk algınlığı,"Doktor bey, üç gündür boğazım ağrıyor ve yorgunluk hissediyorum."
486,Soğuk algınlığı,"Doktor bey, bir haftadır balgamsız öksürüyorum ve sık sık hapşırıyorum."
487,Soğuk algınlığı,"Doktor bey, üç gündür burnum tıkalı, burnum tıkalı ve burnum tıkalı."
488,Soğuk algınlığı,"Doktor bey, son birkaç gündür burun tıkanıklığım var ve baş ağrısı eşlik ediyor."
489,Soğuk algınlığı,"Hocam, dünden beri baş ağrısı eşlik ediyor ve geceleri artan öksürüğüm var."
490,Soğuk algınlığı,"Doktor hanım, son birkaç gündür burnum sürekli akıyor ve burun akıntım var."
491,Soğuk algınlığı,"Hocam, bir haftadır burnum sürekli akıyor ve kuru öksürüğüm var."
492,Soğuk algınlığı,"Doktor hanım, iki gündür boğazımda yanma var ve sık sık hapşırıyorum."
493,Soğuk algınlığı,"Doktor hanım, bir haftadır burun tıkanıklığım var ve boğazım ağrıyor."
494,Soğuk algınlığı,"Hocam, dünden beri peş peşe hapşuruyorum, burun akıntım var ve kuru öksürüğüm var."
495,Soğuk algınlığı,"Doktor bey, bir haftadır geceleri artan öksürüğüm var ve sık sık hapşırıyorum."
496,Soğuk algınlığı,"Doktor bey, sabahtan beri çok halsizim ve burnum sürekli akıyor."
497,Soğuk algınlığı,"Doktor hanım, üç gündür sık sık hapşırıyorum, burnum sürekli akıyor ve peş peşe hapşuruyorum."
498,Soğuk algınlığı,"Doktor hanım, dünden beri peş peşe hapşuruyorum ve kuru öksürüğüm var."
499,Soğuk algınlığı,"Hocam, sabahtan beri burun tıkanıklığım var, burnum tıkalı ve burun akıntım var."
500,Soğuk algınlığı,"Doktor bey, iki gündür yutkunurken boğazım acıyor ve boğazım ağrıyor."
501,Soğuk algınlığı,"Hocam, son birkaç gündür burun akıntım var ve burun tıkanıklığım var."
502,Soğuk algınlığı,"Doktor hanım, dünden beri peş peşe hapşuruyorum ve sık sık hapşırıyorum."
503,Soğuk algınlığı,"Hocam, son birkaç gündür burun akıntım var ve burun akıntım var."
504,Soğuk algınlığı,"Doktor hanım, iki gündür sık sık hapşırıyorum, burun tıkanıklığım var ve peş peşe hapşuruyorum."
505,Soğuk algınlığı,"Doktor hanım, dünden beri burun akıntım var, burun tıkanıklığım var ve peş peşe hapşuruyorum."
506,Soğuk algınlığı,"Doktor hanım, son birkaç gündür burnum sürekli akıyor ve burnum sürekli akıyor."
507,Soğuk algınlığı,"Doktor hanım, bir haftadır burnum sürekli akıyor ve sık sık hapşırıyorum."
508,Soğuk algınlığı,"Doktor hanım, son birkaç gündür burnum tıkalı, yorgunluk hissediyorum ve burnum sürekli akıyor."
509,Soğuk algınlığı,"Hocam, üç gündür boğazımda yanma var ve burun akıntım var."
510,Soğuk algınlığı,"Doktor hanım, üç gündür burun akıntım var ve burun tıkanıklığım var."
511,Soğuk algınlığı,"Hocam, iki gündür burnum tıkalı ve burnum sürekli akıyor."
512,Soğuk algınlığı,"Doktor bey, bir haftadır yutkunurken boğazım acıyor ve baş ağrısı eşlik ediyor."
513,Soğuk algınlığı,"Hocam, sabahtan beri burnum sürekli akıyor, baş ağrısı eşlik ediyor ve geceleri artan öksürüğüm var."
514,Soğuk algınlığı,"Doktor bey, üç gündür burnum sürekli akıyor ve burun akıntım var."
515,Soğuk algınlığı,"Doktor hanım, son birkaç gündür balgamsız öksürüyorum ve burun akıntım var."
516,Soğuk algınlığı,"Doktor hanım, son birkaç gündür peş peşe hapşuruyorum, peş peşe hapşuruyorum ve balgamsız öksürüyorum."
517,Soğuk algınlığı,"Hocam, iki gündür yutkunurken boğazım acıyor ve yutkunurken boğazım acıyor."
518,Soğuk algınlığı,"Doktor bey, iki gündür burnum sürekli akıyor, burnum tıkalı ve burun tıkanıklığım var."
519,Soğuk algınlığı,"Doktor bey, üç gündür sık sık hapşırıyorum ve burnum sürekli akıyor."
520,Soğuk algınlığı,"Doktor bey, son birkaç gündür burnum sürekli akıyor, peş peşe hapşuruyorum ve boğazım ağrıyor."
521,Soğuk algınlığı,"Hocam, iki gündür sık sık hapşırıyorum ve burun akıntım var."
522,Soğuk algınlığı,"Doktor bey, üç gündür çok halsizim ve peş peşe hapşuruyorum."
523,Soğuk algınlığı,"Hocam, son birkaç gündür başım ağrıyor ve boğazım ağrıyor."
524,Soğuk algınlığı,"Hocam, üç gündür sık sık hapşırıyorum ve burun tıkanıklığım var."
525,Soğuk algınlığı,"Doktor bey, üç gündür burnum tıkalı, kuru öksürüğüm var ve sık sık hapşırıyorum."
526,Soğuk algınlığı,"Doktor hanım, bir haftadır burun akıntım var ve burun akıntım var."
527,Soğuk algınlığı,"Hocam, bir haftadır enerjim yok ve yutkunurken boğazım acıyor."
528,Soğuk algınlığı,"Doktor bey, son birkaç gündür burun tıkanıklığım var, boğazım ağrıyor ve sık sık hapşırıyorum."
529,Soğuk algınlığı,"Doktor hanım, sabahtan beri burnum tıkalı ve peş peşe hapşuruyorum."
530,Soğuk algınlığı,"Hocam, son birkaç gündür burnum sürekli akıyor ve baş ağrısı eşlik ediyor."
531,Soğuk algınlığı,"Doktor hanım, üç gündür sık sık hapşırıyorum, burnum tıkalı ve burnum sürekli akıyor."
532,Soğuk algınlığı,"Doktor bey, sabahtan beri sık sık hapşırıyorum ve burun tıkanıklığım var."
533,Soğuk algınlığı,"Doktor bey, üç gündür boğazımda yanma var ve burun tıkanıklığım var."
534,Soğuk algınlığı,"Doktor bey, bir haftadır boğazım ağrıyor, burnum tıkalı ve burun tıkanıklığım var."
535,Soğuk algınlığı,"Hocam, iki gündür burun tıkanıklığım var ve burnum sürekli akıyor."
536,Soğuk algınlığı,"Doktor bey, üç gündür peş peşe hapşuruyorum, sık sık hapşırıyorum ve peş peşe hapşuruyorum."
537,Soğuk algınlığı,"Hocam, üç gündür enerjim yok, sık sık hapşırıyorum ve burnum sürekli akıyor."
538,Soğuk algınlığı,"Doktor bey, sabahtan beri kuru öksürüğüm var ve burun akıntım var."
539,Soğuk algınlığı,"Doktor bey, bir haftadır boğazım ağrıyor ve peş peşe hapşuruyorum."
540,Soğuk algınlığı,"Hocam, üç gündür burnum sürekli akıyor ve burun tıkanıklığım var."
541,Soğuk algınlığı,"Doktor hanım, sabahtan beri peş peşe hapşuruyorum ve yutkunurken boğazım acıyor."
542,Soğuk algınlığı,"Doktor hanım, bir haftadır burun tıkanıklığım var, başım ağrıyor ve burun akıntım var."
543,Soğuk algınlığı,"Hocam, dünden beri balgamsız öksürüyorum ve boğazımda yanma var."
544,Soğuk algınlığı,"Doktor hanım, bir haftadır burun akıntım var, peş peşe hapşuruyorum ve geceleri artan öksürüğüm var."
545,Soğuk algınlığı,"Hocam, dünden beri yorgunluk hissediyorum ve burnum sürekli akıyor."
546,Soğuk algınlığı,"Doktor hanım, iki gündür burnum sürekli akıyor ve burnum sürekli akıyor."
547,Soğuk algınlığı,"Doktor hanım, üç gündür peş peşe hapşuruyorum ve balgamsız öksürüyorum."
548,Soğuk algınlığı,"Doktor bey, üç gündür boğazım ağrıyor ve baş ağrısı eşlik ediyor."
549,Soğuk algınlığı,"Doktor bey, son birkaç gündür burun akıntım var ve burnum sürekli akıyor."
550,Soğuk algınlığı,"Doktor hanım, son birkaç gündür burnum tıkalı ve sık sık hapşırıyorum."
551,Soğuk algınlığı,"Doktor bey, bir haftadır kuru öksürüğüm var ve balgamsız öksürüyorum."
552,Soğuk algınlığı,"Hocam, sabahtan beri burnum sürekli akıyor ve burun akıntım var."
553,Soğuk algınlığı,"Doktor bey, iki gündür sık sık hapşırıyorum, burnum tıkalı ve burun akıntım var."
554,Soğuk algınlığı,"Doktor bey, üç gündür enerjim yok, kuru öksürüğüm var ve sık sık hapşırıyorum."
555,Soğuk algınlığı,"Hocam, iki gündür boğazım ağrıyor, enerjim yok ve burun akıntım var."
556,Soğuk algınlığı,"Doktor bey, son birkaç gündür burun tıkanıklığım var, burun tıkanıklığım var ve burun akıntım var."
557,Soğuk algınlığı,"Doktor bey, bir haftadır boğazım ağrıyor ve burnum tıkalı."
558,Soğuk algınlığı,"Hocam, bir haftadır burun tıkanıklığım var ve balgamsız öksürüyorum."
559,Soğuk algınlığı,"Hocam, sabahtan beri boğazım ağrıyor ve burun akıntım var."
560,Soğuk algınlığı,"Doktor hanım, dünden beri burun akıntım var ve kuru öksürüğüm var."
561,Soğuk algınlığı,"Hocam, iki gündür peş peşe hapşuruyorum, burun tıkanıklığım var ve sık sık hapşırıyorum."
562,Soğuk algınlığı,"Hocam, bir haftadır enerjim yok ve burun akıntım var."
563,Soğuk algınlığı,"Hocam, üç gündür peş peşe hapşuruyorum, geceleri artan öksürüğüm var ve yutkunurken boğazım acıyor."
564,Soğuk algınlığı,"Doktor bey, dünden beri burnum sürekli akıyor, geceleri artan öksürüğüm var ve boğazım ağrıyor."
565,Soğuk algınlığı,"Doktor bey, bir haftadır burnum sürekli akıyor ve yutkunurken boğazım acıyor."
566,Soğuk algınlığı,"Doktor bey, sabahtan beri burun tıkanıklığım var, sık sık hapşırıyorum ve peş peşe hapşuruyorum."
567,Soğuk algınlığı,"Doktor bey, son birkaç gündür sık sık hapşırıyorum, boğazım ağrıyor ve peş peşe hapşuruyorum."
568,Soğuk algınlığı,"Hocam, son birkaç gündür burun akıntım var, burun tıkanıklığım var ve peş peşe hapşuruyorum."
569,Soğuk algınlığı,"Doktor hanım, üç gündür burun tıkanıklığım var ve peş peşe hapşuruyorum."
570,Soğuk algınlığı,"Doktor hanım, dünden beri peş peşe hapşuruyorum ve burnum sürekli akıyor."
571,Soğuk algınlığı,"Doktor bey, iki gündür sık sık hapşırıyorum ve burnum sürekli akıyor."
572,Soğuk algınlığı,"Hocam, iki gündür boğazım ağrıyor, kuru öksürüğüm var ve sık sık hapşırıyorum."
573,Soğuk algınlığı,"Doktor bey, üç gündür burnum tıkalı ve boğazımda yanma var."
574,Soğuk algınlığı,"Doktor hanım, iki gündür burun akıntım var ve başım ağrıyor."
575,Soğuk algınlığı,"Doktor hanım, üç gündür burnum sürekli akıyor ve burnum tıkalı."
576,Soğuk algınlığı,"Hocam, sabahtan beri burnum tıkalı ve enerjim yok."
577,Soğuk algınlığı,"Doktor bey, bir haftadır geceleri artan öksürüğüm var ve peş peşe hapşuruyorum."
578,Soğuk algınlığı,"Doktor hanım, iki gündür baş ağrısı eşlik ediyor, balgamsız öksürüyorum ve burnum tıkalı."
579,Soğuk algınlığı,"Hocam, son birkaç gündür baş ağrısı eşlik ediyor, boğazım ağrıyor ve boğazım ağrıyor."
580,Soğuk algınlığı,"Hocam, bir haftadır burun tıkanıklığım var ve baş ağrısı eşlik ediyor."
581,Soğuk algınlığı,"Doktor hanım, dünden beri geceleri artan öksürüğüm var ve sık sık hapşırıyorum."
582,Soğuk algınlığı,"Hocam, son birkaç gündür burnum sürekli akıyor ve burnum sürekli akıyor."
583,Soğuk algınlığı,"Doktor bey, son birkaç gündür kuru öksürüğüm var ve burnum tıkalı."
584,Soğuk algınlığı,"Doktor bey, dünden beri burun akıntım var ve baş ağrısı eşlik ediyor."
585,Soğuk algınlığı,"Doktor hanım, son birkaç gündür başım ağrıyor ve geceleri artan öksürüğüm var."
586,Soğuk algınlığı,"Doktor hanım, üç gündür boğazım ağrıyor, burnum sürekli akıyor ve sık sık hapşırıyorum."
587,Soğuk algınlığı,"Doktor hanım, üç gündür boğazım ağrıyor, sık sık hapşırıyorum ve sık sık hapşırıyorum."
588,Soğuk algınlığı,"Hocam, iki gündür peş peşe hapşuruyorum, yutkunurken boğazım acıyor ve yutkunurken boğazım acıyor."
589,Soğuk algınlığı,"Doktor bey, üç gündür peş peşe hapşuruyorum, yorgunluk hissediyorum ve boğazımda yanma var."
590,Soğuk algınlığı,"Doktor hanım, sabahtan beri burnum sürekli akıyor ve peş peşe hapşuruyorum."
591,Soğuk algınlığı,"Doktor bey, dünden beri burun tıkanıklığım var ve kuru öksürüğüm var."
592,Soğuk algınlığı,"Hocam, üç gündür boğazım ağrıyor, burnum tıkalı ve çok halsizim."
593,Soğuk algınlığı,"Doktor hanım, dünden beri yutkunurken boğazım acıyor ve kuru öksürüğüm var."
594,Soğuk algınlığı,"Doktor hanım, son birkaç gündür burun tıkanıklığım var ve burnum sürekli akıyor."
595,Soğuk algınlığı,"Doktor bey, iki gündür balgamsız öksürüyorum ve baş ağrısı eşlik ediyor."
596,Soğuk algınlığı,"Doktor hanım, son birkaç gündür yorgunluk hissediyorum ve burnum sürekli akıyor."
597,Soğuk algınlığı,"Hocam, üç gündür boğazımda yanma var ve sık sık hapşırıyorum."
598,Soğuk algınlığı,"Hocam, bir haftadır peş peşe hapşuruyorum, peş peşe hapşuruyorum ve baş ağrısı eşlik ediyor."
599,Soğuk algınlığı,"Doktor hanım, bir haftadır burun akıntım var ve burnum tıkalı."
600,Soğuk algınlığı,"Hocam, son birkaç gündür baş ağrısı eşlik ediyor ve enerjim yok."
601,Mevsimsel alerji,"Doktor bey, üç gündür peş peşe hapşuruyorum ve peş peşe hapşuruyorum."
602,Mevsimsel alerji,"Doktor hanım, sabahtan beri sık sık hapşırıyorum ve enerjim yok."
603,Mevsimsel alerji,"Hocam, sabahtan beri sık sık hapşırıyorum, burnum tıkalı ve burun akıntım var."
604,Mevsimsel alerji,"Doktor bey, dünden beri sık sık hapşırıyorum, burnum sürekli akıyor ve burun akıntım var."
605,Mevsimsel alerji,"Doktor hanım, sabahtan beri burnum sürekli akıyor, yorgunluk hissediyorum ve peş peşe hapşuruyorum."
606,Mevsimsel alerji,"Hocam, dünden beri burnum sürekli akıyor ve burun tıkanıklığım var."
607,Mevsimsel alerji,"Doktor bey, bir haftadır boğazım ağrıyor ve burun akıntım var."
608,Mevsimsel alerji,"Doktor hanım, bir haftadır burun tıkanıklığım var ve burun akıntım var."
609,Mevsimsel alerji,"Doktor hanım, bir haftadır gözlerimde kaşıntı ve sulanma var ve burun akıntım var."
610,Mevsimsel alerji,"Doktor hanım, son birkaç gündür burnum tıkalı, peş peşe hapşuruyorum ve burnum tıkalı."
611,Mevsimsel alerji,"Doktor bey, üç gündür çok halsizim, gözlerimde kaşıntı ve sulanma var ve gözlerimde kaşıntı ve sulanma var."
612,Mevsimsel alerji,"Hocam, dünden beri burun tıkanıklığım var, peş peşe hapşuruyorum ve gözlerimde kaşıntı ve sulanma var."
613,Mevsimsel alerji,"Doktor bey, dünden beri burnum tıkalı, burnum sürekli akıyor ve burnum tıkalı."
614,Mevsimsel alerji,"Doktor hanım, üç gündür burun tıkanıklığım var ve peş peşe hapşuruyorum."
615,Mevsimsel alerji,"Doktor hanım, iki gündür peş peşe hapşuruyorum ve boğazımda yanma var."
616,Mevsimsel alerji,"Doktor bey, üç gündür gözlerim kaşınıyor ve burnum tıkalı."
617,Mevsimsel alerji,"Hocam, iki gündür burnum tıkalı, gözlerimde kaşıntı ve sulanma var ve sık sık hapşırıyorum."
618,Mevsimsel alerji,"Doktor bey, bir haftadır peş peşe hapşuruyorum, sık sık hapşırıyorum ve gözlerimde kaşıntı ve sulanma var."
619,Mevsimsel alerji,"Doktor bey, iki gündür burun akıntım var, yutkunurken boğazım acıyor ve sık sık hapşırıyorum."
620,Mevsimsel alerji,"Doktor hanım, iki gündür burun akıntım var ve burun akıntım var."
621,Mevsimsel alerji,"Hocam, son birkaç gündür burun akıntım var ve boğazım ağrıyor."
622,Mevsimsel alerji,"Doktor hanım, sabahtan beri burun akıntım var ve gözlerim kaşınıyor."
623,Mevsimsel alerji,"Hocam, bir haftadır burnum tıkalı ve gözlerimde kaşıntı ve sulanma var."
624,Mevsimsel alerji,"Hocam, bir haftadır gözlerim kaşınıyor ve sık sık hapşırıyorum."
625,Mevsimsel alerji,"Hocam, iki gündür peş peşe hapşuruyorum ve gözlerim kaşınıyor."
626,Mevsimsel alerji,"Doktor hanım, üç gündür burun akıntım var ve sık sık hapşırıyorum."
627,Mevsimsel alerji,"Hocam, sabahtan beri burun tıkanıklığım var ve burun akıntım var."
628,Mevsimsel alerji,"Doktor bey, üç gündür burun tıkanıklığım var ve sık sık hapşırıyorum."
629,Mevsimsel alerji,"Hocam, bir haftadır gözlerimde kaşıntı ve sulanma var ve burnum sürekli akıyor."
630,Mevsimsel alerji,"Doktor hanım, iki gündür çok halsizim, burnum sürekli akıyor ve peş peşe hapşuruyorum."
631,Mevsimsel alerji,"Doktor bey, son birkaç gündür enerjim yok ve burun akıntım var."
632,Mevsimsel alerji,"Doktor hanım, son birkaç gündür burnum sürekli akıyor ve sık sık hapşırıyorum."
633,Mevsimsel alerji,"Hocam, iki gündür burun tıkanıklığım var, peş peşe hapşuruyorum ve gözlerim kaşınıyor."
634,Mevsimsel alerji,"Hocam, üç gündür gözlerimde kaşıntı ve sulanma var ve enerjim yok."
635,Mevsimsel alerji,"Doktor hanım, sabahtan beri burnum sürekli akıyor ve burnum sürekli akıyor."
636,Mevsimsel alerji,"Doktor hanım, son birkaç gündür burun tıkanıklığım var, burnum tıkalı ve burun akıntım var."
637,Mevsimsel alerji,"Hocam, iki gündür gözlerimde kaşıntı ve sulanma var ve gözlerim kaşınıyor."
638,Mevsimsel alerji,"Doktor bey, son birkaç gündür burnum tıkalı, sık sık hapşırıyorum ve yorgunluk hissediyorum."
639,Mevsimsel alerji,"Doktor hanım, bir haftadır çok halsizim ve sık sık hapşırıyorum."
640,Mevsimsel alerji,"Doktor bey, son birkaç gündür sık sık hapşırıyorum ve burun tıkanıklığım var."
641,Mevsimsel alerji,"Doktor hanım, iki gündür gözlerim kaşınıyor ve gözlerim kaşınıyor."
642,Mevsimsel alerji,"Hocam, dünden beri burun tıkanıklığım var ve sık sık hapşırıyorum."
643,Mevsimsel alerji,"Hocam, sabahtan beri gözlerim kaşınıyor ve burun akıntım var."
644,Mevsimsel alerji,"Doktor hanım, bir haftadır gözlerim kaşınıyor ve gözlerim kaşınıyor."
645,Mevsimsel alerji,"Doktor bey, bir haftadır gözlerimde kaşıntı ve sulanma var, çok halsizim ve burnum sürekli akıyor."
646,Mevsimsel alerji,"Hocam, dünden beri burnum tıkalı ve gözlerim kaşınıyor."
647,Mevsimsel alerji,"Hocam, sabahtan beri gözlerim kaşınıyor ve burun akıntım var."
648,Mevsimsel alerji,"Doktor hanım, üç gündür burun akıntım var ve sık sık hapşırıyorum."
649,Mevsimsel alerji,"Doktor bey, üç gündür burun akıntım var ve sık sık hapşırıyorum."
650,Mevsimsel alerji,"Doktor bey, sabahtan beri yorgunluk hissediyorum, burun tıkanıklığım var ve sık sık hapşırıyorum."
651,Mevsimsel alerji,"Doktor bey, iki gündür peş peşe hapşuruyorum ve sık sık hapşırıyorum."
652,Mevsimsel alerji,"Doktor bey, sabahtan beri gözlerim kaşınıyor, burnum sürekli akıyor ve burun akıntım var."
653,Mevsimsel alerji,"Doktor hanım, iki gündür burun akıntım var ve burun akıntım var."
654,Mevsimsel alerji,"Doktor hanım, üç gündür burnum sürekli akıyor ve peş peşe hapşuruyorum."
655,Mevsimsel alerji,"Doktor bey, bir haftadır enerjim yok ve burun akıntım var."
656,Mevsimsel alerji,"Doktor hanım, iki gündür gözlerim kaşınıyor, gözlerim kaşınıyor ve burnum sürekli akıyor."
657,Mevsimsel alerji,"Doktor hanım, üç gündür sık sık hapşırıyorum, burnum tıkalı ve gözlerim kaşınıyor."
658,Mevsimsel alerji,"Doktor bey, son birkaç gündür boğazım ağrıyor ve sık sık hapşırıyorum."
659,Mevsimsel alerji,"Doktor bey, dünden beri gözlerim kaşınıyor, burnum sürekli akıyor ve peş peşe hapşuruyorum."
660,Mevsimsel alerji,"Hocam, son birkaç gündür burnum sürekli akıyor ve burun akıntım var."
661,Mevsimsel alerji,"Doktor hanım, dünden beri peş peşe hapşuruyorum ve yutkunurken boğazım acıyor."
662,Mevsimsel alerji,"Hocam, son birkaç gündür peş peşe hapşuruyorum, burun tıkanıklığım var ve burnum sürekli akıyor."
663,Mevsimsel alerji,"Doktor hanım, sabahtan beri burun akıntım var, gözlerim kaşınıyor ve gözlerimde kaşıntı ve sulanma var."
664,Mevsimsel alerji,"Hocam, sabahtan beri burnum tıkalı, burnum sürekli akıyor ve gözlerim kaşınıyor."
665,Mevsimsel alerji,"Doktor bey, son birkaç gündür gözlerimde kaşıntı ve sulanma var ve burnum sürekli akıyor."
666,Mevsimsel alerji,"Doktor hanım, üç gündür burnum sürekli akıyor ve peş peşe hapşuruyorum."
667,Mevsimsel alerji,"Doktor bey, üç gündür sık sık hapşırıyorum ve gözlerimde kaşıntı ve sulanma var."
668,Mevsimsel alerji,"Hocam, iki gündür burun tıkanıklığım var ve gözlerim kaşınıyor."
669,Mevsimsel alerji,"Doktor bey, iki gündür gözlerim kaşınıyor ve burnum sürekli akıyor."
670,Mevsimsel alerji,"Doktor bey, üç gündür peş peşe hapşuruyorum ve peş peşe hapşuruyorum."
671,Mevsimsel alerji,"Doktor hanım, son birkaç gündür gözlerim kaşınıyor ve burnum sürekli akıyor."
672,Mevsimsel alerji,"Doktor hanım, sabahtan beri peş peşe hapşuruyorum ve burun akıntım var."
673,Mevsimsel alerji,"Doktor bey, iki gündür burun tıkanıklığım var ve gözlerim kaşınıyor."
674,Mevsimsel alerji,"Hocam, dünden beri yutkunurken boğazım acıyor ve burnum sürekli akıyor."
675,Mevsimsel alerji,"Doktor bey, son birkaç gündür peş peşe hapşuruyorum ve gözlerimde kaşıntı ve sulanma var."
676,Mevsimsel alerji,"Doktor bey, bir haftadır peş peşe hapşuruyorum ve sık sık hapşırıyorum."
677,Mevsimsel alerji,"Doktor hanım, dünden beri burun tıkanıklığım var ve gözlerimde kaşıntı ve sulanma var."
678,Mevsimsel alerji,"Doktor bey, dünden beri burnum tıkalı ve burnum sürekli akıyor."
679,Mevsimsel alerji,"Hocam, son birkaç gündür çok halsizim ve peş peşe hapşuruyorum."
680,Mevsimsel alerji,"Hocam, iki gündür burnum tıkalı ve gözlerimde kaşıntı ve sulanma var."
681,Mevsimsel alerji,"Doktor hanım, iki gündür burnum sürekli akıyor ve burnum sürekli akıyor."
682,Mevsimsel alerji,"Doktor bey, iki gündür burun tıkanıklığım var ve gözlerimde kaşıntı ve sulanma var."
683,Mevsimsel alerji,"Hocam, iki gündür peş peşe hapşuruyorum, boğazımda yanma var ve burun akıntım var."
684,Mevsimsel alerji,"Doktor hanım, sabahtan beri burun tıkanıklığım var, peş peşe hapşuruyorum ve gözlerimde kaşıntı ve sulanma var."
685,Mevsimsel alerji,"Doktor hanım, dünden beri burnum tıkalı, burnum sürekli akıyor ve burnum sürekli akıyor."
686,Mevsimsel alerji,"Doktor hanım, dünden beri burun akıntım var ve burnum tıkalı."
687,Mevsimsel alerji,"Doktor hanım, iki gündür gözlerimde kaşıntı ve sulanma var ve burnum sürekli akıyor."
688,Mevsimsel alerji,"Doktor bey, bir haftadır gözlerimde kaşıntı ve sulanma var ve sık sık hapşırıyorum."
689,Mevsimsel alerji,"Doktor hanım, sabahtan beri sık sık hapşırıyorum ve burnum sürekli akıyor."
690,Mevsimsel alerji,"Hocam, üç gündür sık sık hapşırıyorum ve burun tıkanıklığım var."
691,Mevsimsel alerji,"Doktor hanım, üç gündür burnum sürekli akıyor, burun akıntım var ve burun akıntım var."
692,Mevsimsel alerji,"Hocam, dünden beri burun tıkanıklığım var ve gözlerimde kaşıntı ve sulanma var."
693,Mevsimsel alerji,"Hocam, son birkaç gündür yorgunluk hissediyorum, gözlerimde kaşıntı ve sulanma var ve burnum sürekli akıyor."
694,Mevsimsel alerji,"Hocam, sabahtan beri gözlerimde kaşıntı ve sulanma var ve burnum sürekli akıyor."
695,Mevsimsel alerji,"Doktor bey, iki gündür burnum sürekli akıyor ve peş peşe hapşuruyorum."
696,Mevsimsel alerji,"Doktor bey, bir haftadır gözlerimde kaşıntı ve sulanma var, gözlerim kaşınıyor ve yorgunluk hissediyorum."
697,Mevsimsel alerji,"Doktor hanım, iki gündür yutkunurken boğazım acıyor ve burnum tıkalı."
698,Mevsimsel alerji,"Hocam, bir haftadır gözlerimde kaşıntı ve sulanma var ve gözlerimde kaşıntı ve sulanma var."
699,Mevsimsel alerji,"Hocam, dünden beri gözlerimde kaşıntı ve sulanma var ve gözlerimde kaşıntı ve sulanma var."
700,Mevsimsel alerji,"Hocam, iki gündür yorgunluk hissediyorum, peş peşe hapşuruyorum ve burun akıntım var."
701,Mevsimsel alerji,"Hocam, iki gündür burnum tıkalı ve burnum tıkalı."
702,Mevsimsel alerji,"Hocam, bir haftadır burun akıntım var ve peş peşe hapşuruyorum."
703,Mevsimsel alerji,"Doktor bey, dünden beri burnum sürekli akıyor ve gözlerimde kaşıntı ve sulanma var."
704,Mevsimsel alerji,"Doktor hanım, sabahtan beri peş peşe hapşuruyorum, gözlerimde kaşıntı ve sulanma var ve gözlerimde kaşıntı ve sulanma var."
705,Mevsimsel alerji,"Hocam, bir haftadır burnum sürekli akıyor ve peş peşe hapşuruyorum."
706,Mevsimsel alerji,"Doktor bey, üç gündür sık sık hapşırıyorum ve sık sık hapşırıyorum."
707,Mevsimsel alerji,"Hocam, sabahtan beri çok halsizim, peş peşe hapşuruyorum ve yorgunluk hissediyorum."
708,Mevsimsel alerji,"Doktor bey, üç gündür sık sık hapşırıyorum, sık sık hapşırıyorum ve sık sık hapşırıyorum."
709,Mevsimsel alerji,"Doktor hanım, bir haftadır burnum sürekli akıyor ve burnum sürekli akıyor."
710,Mevsimsel alerji,"Doktor bey, dünden beri sık sık hapşırıyorum, burun tıkanıklığım var ve gözlerimde kaşıntı ve sulanma var."
711,Mevsimsel alerji,"Doktor bey, son birkaç gündür burnum tıkalı ve boğazım ağrıyor."
712,Mevsimsel alerji,"Doktor hanım, üç gündür burun akıntım var ve peş peşe hapşuruyorum."
713,Mevsimsel alerji,"Hocam, iki gündür burun akıntım var ve peş peşe hapşuruyorum."
714,Mevsimsel alerji,"Hocam, üç gündür burnum sürekli akıyor, gözlerim kaşınıyor ve burun tıkanıklığım var."
715,Mevsimsel alerji,"Doktor bey, üç gündür gözlerim kaşınıyor ve sık sık hapşırıyorum."
716,Mevsimsel alerji,"Hocam, iki gündür burun akıntım var ve burun akıntım var."
717,Mevsimsel alerji,"Hocam, sabahtan beri peş peşe hapşuruyorum ve burun akıntım var."
718,Mevsimsel alerji,"Doktor hanım, dünden beri burnum sürekli akıyor, sık sık hapşırıyorum ve burun akıntım var."
719,Mevsimsel alerji,"Doktor bey, iki gündür burun akıntım var ve sık sık hapşırıyorum."
720,Mevsimsel alerji,"Doktor hanım, sabahtan beri peş peşe hapşuruyorum ve peş peşe hapşuruyorum."
721,Mevsimsel alerji,"Doktor bey, son birkaç gündür burun tıkanıklığım var, burnum sürekli akıyor ve burnum sürekli akıyor."
722,Mevsimsel alerji,"Doktor bey, son birkaç gündür gözlerimde kaşıntı ve sulanma var ve burnum tıkalı."
723,Mevsimsel alerji,"Doktor bey, iki gündür gözlerim kaşınıyor ve peş peşe hapşuruyorum."
724,Mevsimsel alerji,"Hocam, son birkaç gündür peş peşe hapşuruyorum, boğazımda yanma var ve burun akıntım var."
725,Mevsimsel alerji,"Doktor bey, sabahtan beri sık sık hapşırıyorum ve burnum sürekli akıyor."
726,Mevsimsel alerji,"Doktor bey, üç gündür burun akıntım var ve yorgunluk hissediyorum."
727,Mevsimsel alerji,"Doktor bey, iki gündür gözlerimde kaşıntı ve sulanma var ve sık sık hapşırıyorum."
728,Mevsimsel alerji,"Doktor hanım, son birkaç gündür peş peşe hapşuruyorum ve burun akıntım var."
729,Mevsimsel alerji,"Doktor bey, dünden beri gözlerimde kaşıntı ve sulanma var ve gözlerimde kaşıntı ve sulanma var."
730,Mevsimsel alerji,"Hocam, dünden beri gözlerimde kaşıntı ve sulanma var ve burnum sürekli akıyor."
731,Mevsimsel alerji,"Doktor hanım, dünden beri burun tıkanıklığım var, peş peşe hapşuruyorum ve burun tıkanıklığım var."
732,Mevsimsel alerji,"Hocam, bir haftadır boğazımda yanma var ve burun akıntım var."
733,Mevsimsel alerji,"Doktor hanım, son birkaç gündür burnum tıkalı ve burnum tıkalı."
734,Mevsimsel alerji,"Doktor hanım, son birkaç gündür sık sık hapşırıyorum ve burnum sürekli akıyor."
735,Mevsimsel alerji,"Hocam, üç gündür peş peşe hapşuruyorum ve burun tıkanıklığım var."
736,Mevsimsel alerji,"Doktor hanım, son birkaç gündür peş peşe hapşuruyorum ve burnum tıkalı."
737,Mevsimsel alerji,"Hocam, dünden beri yutkunurken boğazım acıyor ve burun akıntım var."
738,Mevsimsel alerji,"Doktor hanım, dünden beri burun akıntım var ve yorgunluk hissediyorum."
739,Mevsimsel alerji,"Doktor bey, son birkaç gündür gözlerim kaşınıyor ve sık sık hapşırıyorum."
740,Mevsimsel alerji,"Doktor hanım, dünden beri yutkunurken boğazım acıyor, gözlerimde kaşıntı ve sulanma var ve burnum tıkalı."
741,Mevsimsel alerji,"Doktor hanım, iki gündür burun akıntım var ve gözlerimde kaşıntı ve sulanma var."
742,Mevsimsel alerji,"Doktor bey, bir haftadır burun akıntım var ve peş peşe hapşuruyorum."
743,Mevsimsel alerji,"Doktor bey, sabahtan beri peş peşe hapşuruyorum, burnum tıkalı ve burnum sürekli akıyor."
744,Mevsimsel alerji,"Hocam, dünden beri burnum sürekli akıyor ve peş peşe hapşuruyorum."
745,Mevsimsel alerji,"Doktor hanım, sabahtan beri burun tıkanıklığım var, gözlerim kaşınıyor ve peş peşe hapşuruyorum."
746,Mevsimsel alerji,"Hocam, son birkaç gündür burun akıntım var ve burnum tıkalı."
747,Mevsimsel alerji,"Hocam, iki gündür burnum sürekli akıyor ve burun tıkanıklığım var."
748,Mevsimsel alerji,"Doktor bey, üç gündür sık sık hapşırıyorum ve burun akıntım var."
749,Mevsimsel alerji,"Doktor bey, üç gündür gözlerimde kaşıntı ve sulanma var ve sık sık hapşırıyorum."
750,Mevsimsel alerji,"Doktor hanım, sabahtan beri burnum sürekli akıyor, burun akıntım var ve sık sık hapşırıyorum."
751,Mevsimsel alerji,"Doktor bey, iki gündür boğazımda yanma var, burun tıkanıklığım var ve sık sık hapşırıyorum."
752,Mevsimsel alerji,"Doktor bey, bir haftadır burun akıntım var ve burnum sürekli akıyor."
753,Mevsimsel alerji,"Doktor bey, iki gündür çok halsizim ve yorgunluk hissediyorum."
754,Mevsimsel alerji,"Hocam, dünden beri burun tıkanıklığım var, boğazımda yanma var ve peş peşe hapşuruyorum."
755,Mevsimsel alerji,"Doktor bey, sabahtan beri burun tıkanıklığım var ve sık sık hapşırıyorum."
756,Mevsimsel alerji,"Doktor bey, dünden beri burun tıkanıklığım var ve burun akıntım var."
757,Mevsimsel alerji,"Hocam, üç gündür burun akıntım var, burnum tıkalı ve peş peşe hapşuruyorum."
758,Mevsimsel alerji,"Doktor hanım, dünden beri burnum sürekli akıyor ve burnum sürekli akıyor."
759,Mevsimsel alerji,"Doktor bey, sabahtan beri burun tıkanıklığım var, sık sık hapşırıyorum ve peş peşe hapşuruyorum."
760,Mevsimsel alerji,"Doktor hanım, üç gündür peş peşe hapşuruyorum ve gözlerimde kaşıntı ve sulanma var."
761,Mevsimsel alerji,"Doktor bey, dünden beri peş peşe hapşuruyorum, peş peşe hapşuruyorum ve peş peşe hapşuruyorum."
762,Mevsimsel alerji,"Hocam, dünden beri gözlerim kaşınıyor ve sık sık hapşırıyorum."
763,Mevsimsel alerji,"Doktor hanım, üç gündür sık sık hapşırıyorum ve burnum sürekli akıyor."
764,Mevsimsel alerji,"Doktor hanım, dünden beri burun akıntım var ve burnum tıkalı."
765,Mevsimsel alerji,"Hocam, bir haftadır sık sık hapşırıyorum ve gözlerimde kaşıntı ve sulanma var."
766,Mevsimsel alerji,"Hocam, sabahtan beri burun tıkanıklığım var ve burun tıkanıklığım var."
767,Mevsimsel alerji,"Doktor bey, bir haftadır burnum sürekli akıyor ve burun tıkanıklığım var."
768,Mevsimsel alerji,"Doktor hanım, üç gündür burun akıntım var ve burun tıkanıklığım var."
769,Mevsimsel alerji,"Doktor hanım, üç gündür peş peşe hapşuruyorum ve gözlerim kaşınıyor."
770,Mevsimsel alerji,"Doktor bey, sabahtan beri gözlerim kaşınıyor ve gözlerimde kaşıntı ve sulanma var."
771,Mevsimsel alerji,"Doktor hanım, iki gündür burun tıkanıklığım var, burnum sürekli akıyor ve sık sık hapşırıyorum."
772,Mevsimsel alerji,"Hocam, üç gündür boğazımda yanma var ve burnum tıkalı."
773,Mevsimsel alerji,"Doktor hanım, son birkaç gündür burun akıntım var ve burnum tıkalı."
774,Mevsimsel alerji,"Doktor hanım, son birkaç gündür gözlerim kaşınıyor, gözlerimde kaşıntı ve sulanma var ve burnum tıkalı."
775,Mevsimsel alerji,"Doktor bey, son birkaç gündür burnum tıkalı ve çok halsizim."
776,Mevsimsel alerji,"Doktor hanım, üç gündür sık sık hapşırıyorum, peş peşe hapşuruyorum ve gözlerim kaşınıyor."
777,Mevsimsel alerji,"Doktor bey, dünden beri burnum tıkalı ve gözlerim kaşınıyor."
778,Mevsimsel alerji,"Hocam, bir haftadır sık sık hapşırıyorum ve burun akıntım var."
779,Mevsimsel alerji,"Doktor hanım, bir haftadır gözlerim kaşınıyor, gözlerim kaşınıyor ve burnum tıkalı."
780,Mevsimsel alerji,"Doktor hanım, bir haftadır gözlerim kaşınıyor ve peş peşe hapşuruyorum."
781,Mevsimsel alerji,"Hocam, bir haftadır burun tıkanıklığım var ve sık sık hapşırıyorum."
782,Mevsimsel alerji,"Hocam, dünden beri gözlerim kaşınıyor ve gözlerim kaşınıyor."
783,Mevsimsel alerji,"Hocam, dünden beri gözlerimde kaşıntı ve sulanma var ve burnum sürekli akıyor."
784,Mevsimsel alerji,"Doktor bey, iki gündür burun tıkanıklığım var, sık sık hapşırıyorum ve burun tıkanıklığım var."
785,Mevsimsel alerji,"Doktor bey, sabahtan beri gözlerimde kaşıntı ve sulanma var ve yorgunluk hissediyorum."
786,Mevsimsel alerji,"Doktor hanım, dünden beri peş peşe hapşuruyorum ve sık sık hapşırıyorum."
787,Mevsimsel alerji,"Doktor bey, üç gündür gözlerimde kaşıntı ve sulanma var ve burun akıntım var."
788,Mevsimsel alerji,"Hocam, üç gündür burnum sürekli akıyor ve peş peşe hapşuruyorum."
789,Mevsimsel alerji,"Doktor hanım, iki gündür sık sık hapşırıyorum ve burun akıntım var."
790,Mevsimsel alerji,"Hocam, bir haftadır burnum sürekli akıyor ve boğazım ağrıyor."
791,Mevsimsel alerji,"Doktor hanım, iki gündür peş peşe hapşuruyorum, gözlerimde kaşıntı ve sulanma var ve burun akıntım var."
792,Mevsimsel alerji,"Hocam, son birkaç gündür burnum tıkalı ve burnum sürekli akıyor."
793,Mevsimsel alerji,"Hocam, iki gündür peş peşe hapşuruyorum ve burnum sürekli akıyor."
794,Mevsimsel alerji,"Doktor bey, son birkaç gündür burun akıntım var, burun akıntım var ve burun akıntım var."
795,Mevsimsel alerji,"Doktor bey, son birkaç gündür yorgunluk hissediyorum ve peş peşe hapşuruyorum."
796,Mevsimsel alerji,"Hocam, dünden beri yorgunluk hissediyorum ve burun akıntım var."
797,Mevsimsel alerji,"Doktor hanım, son birkaç gündür peş peşe hapşuruyorum ve burun tıkanıklığım var."
798,Mevsimsel alerji,"Doktor bey, bir haftadır gözlerimde kaşıntı ve sulanma var ve gözlerim kaşınıyor."
799,Mevsimsel alerji,"Doktor bey, üç gündür burun akıntım var ve enerjim yok."
800,Mevsimsel alerji,"Hocam, dünden beri sık sık hapşırıyorum ve burun akıntım var."
